diff --git a/docs/pud/decisions/mimdram-mat-target-transport-abstraction.md b/docs/pud/decisions/mimdram-mat-target-transport-abstraction.md
new file mode 100644
index 0000000..37adeaa
--- /dev/null
+++ b/docs/pud/decisions/mimdram-mat-target-transport-abstraction.md
@@ -0,0 +1,107 @@
+Status: Accepted
+
+Question
+
+How should the baseline MIMDRAM/PRADA simulator represent delivery of the
+resolved mat range to each PuD activation?
+
+Decision
+
+Accept the user-selected resolved-target abstraction on 2026-09-09. This is
+the current baseline mat-target transport authority. It supersedes only the
+Alternative-A/Q=8 transport requirements in the canonical
+[Gate C timing/resource decision](mimdram-movement-timing-and-resource-model.md).
+Earlier Gate A overhead-accounting and Gate C pre-first-ACT transport-wait
+wording is subject to this abstraction; other timing, resource, allocation,
+ownership and recovery requirements remain in force.
+
+**Project simulator abstraction.** Every PuD request/occurrence retains its
+resolved target metadata. The Device may consume the corresponding row and
+resolved `MatRange` atomically when `ACT_PUD*` issues:
+
+```text
+Request / PuDOccurrence
+    row + resolved MatRange
+         |
+         v
+    ACT_PUD* Device action
+```
+
+The baseline models the selected-mat effect and abstracts physical delivery
+of the selection. This is a simulation abstraction, not a new DRAM command,
+hardware design, or claim that DDR4 can encode the range on the same C/A pins
+in the ordinary ACT cycle. Each compute occurrence, including N and PRE,
+keeps its explicit range/context association; this does not introduce a
+Bank-global or implicitly persistent selection.
+
+The baseline excludes per-chip mat-information FIFO occupancy, Q=8 as a
+performance/resource constraint, ACT-enqueue/PRE-enqueue/ACT-dequeue execution,
+per-activation target-descriptor preparation, T+1 target-transport events,
+T+2 target-readiness state, initial one-CK target-only setup events, and
+mat-target-specific C/A contention. Ordinary command issue arbitration and
+applicable shared timing remain modeled.
+
+Keep W1 canonical geometry and resolved `MatRange`, profile-defined mat/chip
+topology, explicit range association on every compute occurrence, range-local
+compute state, PRADA local primitive timing, and W4/W5 recovery, ownership and
+conflict rules. Later W7 engine/range allocation and MIMD scheduling retain
+their accepted policies, including the independent E=8 engine default.
+LC/GB local timing and their existing transport-fidelity boundary are unchanged.
+
+**Alternative-A status.** Alternative A was the project's mapping of
+MIMDRAM's physical target-transport mechanism onto PRADA's sequential
+activation commands. Neither the term nor that PRADA mapping was specified
+by MIMDRAM. The detailed Alternative-A/Q=8 implementation is retained in Git
+history at `0ce6922` for possible sensitivity analysis or optional future
+fidelity; it is no longer the baseline substrate contract. This abstraction
+also does not select the earlier persistent-selection hardware Alternative B.
+
+**Explicit fidelity limitation.** Baseline performance results do not include
+mat-information transport latency, mat-queue occupancy stalls, or C/A
+contention caused specifically by mat-information delivery. These effects are
+omitted, not physically zero. Report this limitation with baseline results;
+do not claim physically complete MIMDRAM target-transport performance.
+
+The separately authorized W6 baseline alignment implements this contract.
+Implementation progress, validation and regression limitations are recorded in
+the [implementation plan](../plans/mimdram-pud-substrate-v2-implementation-plan.md).
+W7 has not started.
+
+Rationale
+
+Resolved range metadata already supplies the simulator's selected-mat
+identity. Consuming it at activation preserves the intended range-local
+execution while avoiding a physical transport resource model in the baseline.
+The detailed alternative exposes additional transport costs but introduces
+queue, preparation and bus-reservation semantics specific to the project
+hybrid. Deferring that fidelity keeps the baseline focused on the accepted
+compute, recovery and MIMD mechanisms, with omitted costs stated explicitly.
+
+Evidence
+
+- **MIMDRAM source fact:** the unchanged
+  [technical reference, §1.2](../references/mimdram-inter-column-data-movement.md#12-fine-grained-mat-access-structures)
+  records physical mat-selection communication using per-chip mat-information
+  queues and ACT-enqueue, PRE-enqueue and ACT-dequeue. The ordinary DDR C/A
+  interface cannot simply carry all fine-grained mat-selection information
+  with an ordinary ACT; MIMDRAM communicates that information through the
+  additional mechanism. Its evaluated queue capacity is eight. These source
+  facts do not mandate an explicit simulator queue.
+- **Accepted project contracts:** [Gate B](mimdram-addressing-geometry-and-payload.md)
+  supplies resolved geometry/ranges; [Gate C execution](mimdram-movement-execution-ownership-and-device.md)
+  supplies occurrence association, range-local state, engine ownership and
+  recovery. The abstraction above is the user's project choice, not a source fact.
+- **Implementation evidence:** the prior `dram/pud_target_queue.*` and
+  Device/controller setup, PRE pairing and successor mechanics are retained
+  at Git revision `0ce6922`. Current
+  [Device dispatch](../../../src/ramulator/dram/device.cpp) and
+  [controller issue](../../../src/ramulator/controller/controller_base.cpp)
+  consume the validated resolved occurrence association without that machinery.
+- [W6 progress and baseline verification](../plans/mimdram-pud-substrate-v2-implementation-plan.md)
+  record the separately authorized implementation's runtime checks and limits.
+  Historical detailed-transport verification is identified separately.
+
+Open issues
+
+- Any future sensitivity study must explicitly select and report its transport
+  fidelity; physical validation of the prior PRADA mapping remains unresolved.
diff --git a/docs/pud/decisions/mimdram-movement-timing-and-resource-model.md b/docs/pud/decisions/mimdram-movement-timing-and-resource-model.md
index 921cd36..80dd90b 100644
--- a/docs/pud/decisions/mimdram-movement-timing-and-resource-model.md
+++ b/docs/pud/decisions/mimdram-movement-timing-and-resource-model.md
@@ -18,9 +18,13 @@ fixes targets. The v2 rules here take precedence over the retained legacy
 Bank-conservative/T3 contract below where explicitly refined. No code or
 implementation plan is authorized by recording this decision.
 
-The following are **Accepted project decisions**. MIMDRAM's transport
-mechanisms and evaluated capacities are source facts; their mapping to PRADA
-and the detailed queue semantics below are simulator assumptions.
+The [Accepted mat-target transport abstraction](mimdram-mat-target-transport-abstraction.md)
+supersedes only this document's Alternative-A/Q=8 baseline requirements.
+This document remains Accepted for all other timing/resource behavior.
+The two historical transport subsections below preserve the prior choice and
+rationale; they are not current baseline requirements. MIMDRAM's transport
+mechanisms and evaluated capacities remain source facts; their mapping to
+PRADA and detailed queue semantics were project simulator assumptions.
 
 **History scopes and local timing**
 
@@ -38,7 +42,20 @@ explicit assumption; do not infer movement exemptions from PRADA. Keep the
 accepted LC/GB local graphs and existing shared constraints below. Enforce
 each timing relationship in one authoritative domain, not twice.
 
-**Selected transport Alternative A**
+**Baseline resolved-target consumption**
+
+Each ACT_PUD* consumes its occurrence's resolved row and MatRange atomically
+at issue, under the linked abstraction. There is no modeled physical target
+delivery, target FIFO/Q constraint, setup event, successor transport/readiness
+state, or mat-target-specific C/A contention. Preserve explicit occurrence
+association, range-local timing and ordinary shared command issue constraints.
+Omitted transport costs are not physically zero.
+
+**Historical transport Alternative A — Superseded**
+
+The following former baseline is retained as provenance only. Alternative A
+was a project mapping onto sequential PRADA activations, not MIMDRAM
+terminology or a MIMDRAM-specified PRADA mechanism.
 
 Every ACT_PUD* occurrence consumes its matching precommunicated target before
 activation takes effect. Each activation other than the last activation in
@@ -73,7 +90,7 @@ semantically distinct. N and terminal PRE retain one modeled issue cycle and
 their own context association; exact physical context-selection encoding is
 not claimed.
 
-**Initial setup and queue semantics**
+**Historical initial setup and queue semantics — Superseded**
 
 Use PRE-enqueue when a suitable, legally issued preceding PRE can carry a
 known request's target. The PRE uses its existing C/A cycle and applicable
@@ -124,6 +141,10 @@ queue tokens. Compute transports compete with movement occurrences on shared
 C/A. This asymmetric fidelity does not claim complete MIMDRAM bus/queue or
 movement-throughput accuracy.
 
+The historical transport provisions end here. The ACT-overhead calculation,
+local timing and retained movement graph below remain current, with latency
+accounting updated for the accepted transport abstraction.
+
 **Fine-grained ACT overhead and latency accounting**
 
 MIMDRAM reports less than 0.5% additional ACT latency from mat isolation
@@ -150,14 +171,15 @@ overhead is not physically zero. Recheck this conclusion for another timing
 preset or a finer time resolution. This check does not recalibrate movement
 or conventional ACT timings.
 
-With prepared targets and no contention, first-ACT-through-terminal-recovery
+With resolved targets and no contention, first-ACT-through-terminal-recovery
 totals remain RowCopy(D)=40+5D+16 CK, MAJ3=66, MAJ5=76, NOT=99, and
-NOT_COPY=104 CK. Successor transmissions fit within their existing timing
-gaps; initial setup, queue pressure, and shared C/A arbitration can still
-increase request latency. Distinguish local primitive execution, initial
-transport, range/engine/queue or maintenance waiting, shared arbitration,
-and recovery. Overlapped costs are not summed twice; the totals already
-include terminal nRP. The LC/GB 130/75 CK isolated local baselines below are
+NOT_COPY=104 CK. Range/engine or maintenance waiting and shared command
+arbitration can still increase request latency. Distinguish these costs from
+local primitive execution and recovery; target-transport latency, mat-queue
+stalls and target-delivery-specific C/A contention are omitted under the
+linked abstraction, not physically zero. Overlapped costs are not summed
+twice; the totals already include terminal nRP. The LC/GB 130/75 CK isolated
+local baselines below are
 retained, not claims about contended v2 end-to-end latency.
 
 **Retained legacy movement timing contract**
@@ -412,8 +434,10 @@ later implementation audit finds that generalization beneficial.
 
 Rationale
 
-For v2, one history per active range preserves local PRADA timing while
-separating selection traffic from execution. Alternative A exposes C/A and
+For v2, one history per active range preserves local PRADA timing. The current
+transport abstraction's rationale is in its linked Accepted decision.
+The following is the historical rationale for the superseded transport choice:
+Alternative A exposes C/A and
 finite queue costs using source-inspired overlap instead of either silently
 zero-cost targeting or a persistent-selection extension. Explicit setup
 handles cold/late arrivals without inventing a historical PRE payload. The
@@ -444,8 +468,9 @@ Evidence
 Gate C was accepted by the user on 2026-09-09. The curated reference records
 MIMDRAM source facts from section 4.2, section 7, and Table 2: enqueue/dequeue,
 overlap, per-chip queue, evaluated resources, and fine-grained ACT overhead.
-The PRADA mapping, cold-start event, exact FIFO/atomic synchronization, and
-relative-bound application are Accepted project assumptions.
+The PRADA mapping, cold-start event and exact FIFO/atomic synchronization were
+accepted project assumptions, now superseded as baseline requirements by the
+linked abstraction. The relative-bound application remains Accepted.
 
 Current implementation facts: [Python timing generation](../../../python/ramulator/dram/spec.py)
 adjusts edge anchors for multi-cycle commands; [compute timing](../../../python/ramulator/dram/ddr4_pud.py)
@@ -483,9 +508,13 @@ Open issues
 - Physical movement command encoding and exact C/A-bus occupancy.
 - Whether stronger evidence requires movement `tRRD`, `tFAW`, activation-
   current, ordinary row-cycle, DQ, or additional shared Rank/Channel rules.
-- Physical validation of the hybrid transport encoding and FIFO/atomic queue
-  semantics; more detailed movement transport remains outside this profile.
+- Physical validation of the historical hybrid transport encoding and
+  FIFO/atomic queue semantics if revisited for optional sensitivity analysis;
+  these are not baseline implementation prerequisites. More detailed movement
+  transport remains outside this profile.
 - Portability of the numeric assumptions to another timing preset,
   organization, or DRAM standard.
-- Gate C is accepted but not implemented; v2 local/shared timing, transport,
-  and same-subarray overlap require implementation validation.
+- Current implementation progress is recorded in the
+  [implementation plan](../plans/mimdram-pud-substrate-v2-implementation-plan.md).
+  W6 code still implements the historical transport model; baseline alignment
+  and later same-subarray scheduling integration require implementation validation.
diff --git a/docs/pud/plans/mimdram-pud-substrate-v2-implementation-plan.md b/docs/pud/plans/mimdram-pud-substrate-v2-implementation-plan.md
index 6c7357a..bd66b2b 100644
--- a/docs/pud/plans/mimdram-pud-substrate-v2-implementation-plan.md
+++ b/docs/pud/plans/mimdram-pud-substrate-v2-implementation-plan.md
@@ -1,6 +1,6 @@
 # MIMDRAM-based PuD substrate v2 implementation plan
 
-Status: Implementation in progress — Phase 1 complete; W3-W6 complete; W7-W9 not started.
+Status: Implementation in progress — Phase 1 and W3-W6 complete, including W6 baseline alignment; W7-W9 not started.
 
 ## Implementation progress (2026-09-09)
 
@@ -34,18 +34,45 @@ Status: Implementation in progress — Phase 1 complete; W3-W6 complete; W7-W9 n
   cover failed active-buffer promotion. Internal fixtures preserve disjoint
   compute progress; transport, allocation/arbitration and public v2 execution
   remain W6+ work.
-- **W6: Completed.** Device-owned `PuDTargetQueues` provide per-chip Q=8 FIFO
-  descriptors and atomic ready-head consumption. Timestamped successor entries
-  reserve credit at ACT issue for T+1 transport/T+2 readiness; Device shared C/A
-  checks exclude ordinary/movement issue without changing local PRADA anchors.
-  Controller preparation/issue seams require existing protected reservations and
-  recheck W5 eligibility, including independently scoped useful PRE pairing.
-  `PuDComputeContext` remains minimal. W3-W5 local-only test seams are private;
-  W6 fixtures exercise transport-aware dispatch with explicit reservations.
-- **W7-W9: Not started.** The work-unit specifications below remain unchanged
-  as implementation authority/history.
-
-W6 verification: 51 focused transport tests and 255 W3-W5 tests passed. Full
+- **W6: Completed — baseline aligned.** The
+  [Accepted transport abstraction](../decisions/mimdram-mat-target-transport-abstraction.md)
+  is implemented: each ACT_PUD* consumes its current resolved occurrence
+  association at issue. Target queues, descriptors, setup/PRE
+  pairing and successor transport are removed. W3-W5 fixtures share the single
+  baseline compute timing/issue path. `PuDComputeContext` remains minimal;
+  actual ordinary/movement and compute command-cycle occupancy is retained.
+- **W7-W9: Not started.** Production engine allocation, first-fit admission,
+  compute arbitration and public v2 execution remain future work.
+
+W6 baseline verification: 48 resolved-target tests and 260 W3-W5 tests passed
+(exit 0), covering exact row/range/occurrence association, copies/retries,
+multi-destination RowCopy, NOT_COPY across N, replacement profiles, rejected
+issue/probe purity, cold/late starts, next-cycle ordinary/movement progress,
+and unchanged PRADA and LC/GB anchors. The W1-W5 audit preserved canonical
+locations, pre-ACT protection, recovery and exclusion; removed the obsolete
+local/transport Device split, W3/W5 fixture bus mirrors and live architecture paths;
+and retained ordinary PRE, request queues and GB topology helpers. The W5
+maintenance fixture now starts compute after the ordinary ACT's occupied cycle.
+
+Full Device plus W1/W2 tests passed (625, exit 0), as did all controller tests
+on rerun (656, exit 0) and smoke tests (13, exit 0). Codegen and `ramulator`,
+`_ramulator`, `_ramulator_test` builds passed with unchanged generated
+definitions. Full source/test diff review found no live detailed target
+transport dependencies; no W7 behavior was added.
+
+Verification limits: the initial controller run passed 656 assertions then
+aborted at shutdown with `munmap_chunk(): invalid pointer` (exit 134).
+A freshly built clean pre-change HEAD `0ce6922` also aborted with allocator
+corruption during tests, then passed 659 tests on repeat (exit 0). This
+reproduces pre-existing allocator instability, not an identical root-cause
+diagnosis or a clean initial run. `git diff --check` passes for the W6
+source/tests/documentation, including the new test file; the unrestricted
+check reports only pre-existing whitespace in the untouched `git_diff.log`.
+Baseline results omit target-delivery latency, queue stalls and target-specific
+C/A contention; those costs are not physically zero.
+
+Historical W6 verification (Alternative A, not validation of the new baseline):
+51 focused transport tests and 255 W3-W5 tests passed. Full
 Device and controller regression runs passed (250 and 656 tests respectively);
 the final focused run also includes three subsequently added ordinary-C/A and
 rank-PRE cases. Coverage includes Q=8/credit release independent of engines,
@@ -55,8 +82,8 @@ contexts, NOT_COPY across N, replacement-profile targeting, exact successor
 counts and unchanged 61/66/76/99/104 CK local recovery-inclusive anchors.
 LC/GB retained timing and shared C/A contention passed. Build/codegen passed for
 `ramulator`, `_ramulator` and `_ramulator_test`; generated definitions were
-unchanged. Full W6 diff review and `git diff --check` passed. Existing source
-architecture comments now include W6 queues. Production allocation, oldest-first
+unchanged. Full W6 diff review and `git diff --check` passed. Historical source
+architecture comments included W6 queues. Production allocation, oldest-first
 admission, scheduler integration and public v2 execution remain W7+ work.
 
 W5 verification: 126 focused conflict/drain tests and the 31 W4 lifecycle plus
@@ -135,18 +162,22 @@ handoff, verify the then-current main and inspect any intervening source delta
 before applying this plan. Do not merge the separate functional-simulator branch.
 
 Read [AGENTS.md](../../../AGENTS.md), the relevant curated references below,
-the four canonical authorities, this plan, and the source/tests for the selected
-work unit. Historical completed plans supply conventions, not v2 semantics.
+the canonical authorities and transport abstraction below, this plan, and the
+source/tests for the selected work unit. Historical completed plans supply
+conventions, not v2 semantics.
 
 | Key | Current authority and use |
 | --- | --- |
 | A | [Substrate and movement request boundary](../decisions/mimdram-substrate-and-movement-request-boundary.md): accepted hybrid, five primitives, same-subarray MIMD, conservative movement, substrate/macro boundary. |
 | B | [Addressing, geometry, and payload](../decisions/mimdram-addressing-geometry-and-payload.md): replaceable profile, paired operands, canonical CellID, initial v1 placement, compute ranges, movement topology/payload. |
 | C-E | [Execution, ownership, and Device](../decisions/mimdram-movement-execution-ownership-and-device.md): v2 range contexts, engines, allocation, lifecycle, maintenance and functional split; retained movement provisions. |
-| C-T | [Timing and resource model](../decisions/mimdram-movement-timing-and-resource-model.md): v2 local/shared scopes, Alternative A, initial setup, per-chip queues, rounding; retained movement timing graph. |
+| C-T | [Timing and resource model](../decisions/mimdram-movement-timing-and-resource-model.md): v2 local/shared scopes, ACT-overhead rounding and retained movement timing graph. |
+| T-A | [Mat-target transport abstraction](../decisions/mimdram-mat-target-transport-abstraction.md): current baseline resolved-target consumption; supersedes Alternative-A/Q=8 transport requirements. |
 
-All three Gates A/B/C are **Accepted and closed**. C-E/C-T's v2 sections take
-precedence where they explicitly refine retained Bank-wide behavior. B's older
+All three Gates A/B/C are **Accepted and closed**. T-A supersedes the earlier
+physical target-transport requirements, including A's transport-overhead and
+C-E's pre-first-ACT transport-wait references. All other C-E/C-T v2 refinements
+retain precedence over retained Bank-wide behavior. B's older
 forward references to A/C, and proposal-era questions in the
 [gap analysis](mimdram-pud-substrate-v2-gap-analysis.md), do not reopen them.
 The gap analysis's §§9.4–9.6 identify the current authority. Unresolved physical
@@ -221,18 +252,19 @@ There is no requirement to commit after each unit or to create further plans.
 | Boundary | Work units | Exit invariant |
 | --- | --- | --- |
 | Phase 1: common placement and submission contract | W1 geometry/profile; W2 paired requests and shared location consumers | One tested location authority supplies ordinary and PuD footprints; invalid v2 placements cannot reach legacy execution. V2 execution remains unavailable. |
-| Phase 2: coherent range execution | W3 local state/timing; W4 recovery lifecycle; W5 movement/ordinary/maintenance exclusion; W6 target queues/transport; W7 allocation/arbitration; W8 public integration and microbenchmarks | All five v2 primitives support safe same-subarray disjoint-range overlap with complete transport, recovery and mixed-traffic rules; movement retains its accepted behavior. |
+| Phase 2: coherent range execution | W3 local state/timing; W4 recovery lifecycle; W5 movement/ordinary/maintenance exclusion; W6 resolved-target consumption; W7 allocation/arbitration; W8 public integration and microbenchmarks | All five v2 primitives support safe same-subarray disjoint-range overlap with explicit resolved targets, recovery and mixed-traffic rules; movement retains its accepted behavior. |
 | Final integration closure | W9 validation and fresh-context audit | Entire implementation satisfies authority, integration tests and legacy regressions, with limitations and process failures reported accurately. |
 
 Major dependency chain:
 
 ```text
 W1 -> W2 -> W3 -> W4 -> W5 -> W6 -> W7 -> W8 -> W9
-      placement   local state/lifecycle   transport   allocation   closure
+      placement   local state/lifecycle   targets     allocation   closure
 ```
 
-W6's queue mechanics can be developed against W2/W3 descriptors, but its PRE
-integration requires W4/W5. W7 must consume finished W3–W6 contracts; it must
+W6 consumes W2/W3 resolved occurrences and preserves W4/W5 protection and
+eligibility. Its baseline alignment must finish before W7. W7 must consume
+finished W3–W6 contracts; it must
 not relax ownership first and retrofit safety later. W8 is integration and
 reproducibility, not deferred implementation of fundamental conflict rules.
 
@@ -428,7 +460,8 @@ versus a narrow Device-side store before implementing it. Preserve legacy
 handler paths and generic hierarchy APIs where a local seam suffices.
 
 **Dependencies:** W2. Component tests may establish protected contexts directly;
-this does not enable public allocation or bypass transport in the final path.
+this does not enable public allocation or bypass resolved-target validation
+in the final path.
 
 **Validation before W4:** interleave two same-operation and heterogeneous
 range contexts, checking independent row identity, charge-sharing/sensed phases,
@@ -539,7 +572,7 @@ Open/ClosedCAP, controller plugins and existing movement accounting helpers.
 Retain full-scope Bank traversal and add range-aware guards locally.
 
 **Dependencies:** W2–W4. This unit provides the eligibility predicate consumed
-by both target preparation and real allocation; no later unit may defer it.
+by resolved-target dispatch and real allocation; no later unit may defer it.
 
 **Validation before W6:** compute blocks LC and GB while active and recovering,
 and movement blocks compute through its recovery. Test all movement/movement
@@ -571,95 +604,76 @@ remapping, maintenance interruption or refresh deadlines. First consumers are
 eligibility, scope validation and movement actions; retain accepted rejection
 and conservative behavior instead of inventing missing physical details.
 
-### W6 — Per-chip target queues and shared C/A transport
+### W6 — Resolved-target consumption without physical transport resources
 
-**Goal / observable behavior.** Implement Alternative A with Q=8 descriptors
-per physical `(Channel, Rank, Chip)`, shared across that chip's Banks/subarrays.
-FIFO order, ready times, context/occurrence identity and reservations are the
-only modeled queue state. Range transmission, capacity checks and consumption
-are atomic across participating chips. An ACT consumes matching ready heads
-on every participating chip; mismatches/absence block it. Probes are pure.
+**Goal / observable behavior.** Apply T-A: the Device consumes the row and
+resolved `MatRange` associated with each `ACT_PUD*` atomically at issue.
+Retain W1 profile-defined mat/chip topology, W2 request/occurrence identity,
+W3 range-local state and PRADA timing, and W4/W5 protection and conflict rules.
+Every compute occurrence retains its explicit range/context association,
+including N and terminal PRE; no Bank-global selected-target state is implied.
 
-The production ordering is:
+The production ordering remains:
 
 ```text
 pending compute request
     -> allocate/acquire compute engine + complete mat range
-    -> reserve/perform initial target transport
-    -> first ACT_PUD*
-    -> subsequent activation/transport sequence
+    -> ACT_PUD* consumes its resolved target at issue
+    -> subsequent occurrences consume their own resolved associations
 ```
 
-Do not speculatively enqueue target descriptors for unallocated compute
-requests. Target transport must never acquire execution ownership by itself.
-
-Every non-final activation at T reserves its own C/A cycle, T+1 for successor
-transport and successor queue credit before issue, including credit freed by
-consuming current heads. The target sent at T+1 becomes ready at T+2. No other
-command/event may use that C/A cycle; local ACT phase begins at T. Final
-activations do not send successors. Counts are D/2/4/0/1 for RowCopy(D)/MAJ3/
-MAJ5/NOT/NOT_COPY, regardless of numerically identical ranges. N/PRE keep their
-own context, consume no ACT descriptor, and NOT_COPY retains its destination
-descriptor through N. Neither transport kind advances the primitive cursor.
-
-Use legal PRE-enqueue for an allocated context's known future target when
-available, preserving the PRE's actual close scope/recovery separately from
-its communicated target. Preparation alone must not grant engine/range
-ownership. A historical PRE
-cannot encode a later-arriving request; never insert an unnecessary whole-Bank
-PRE for disjoint compute. Otherwise use the accepted one-CK initial setup
-event, ready after its cycle, with shared C/A occupancy and no row-state effect.
-Check PRE pairing against W5 eligibility so target preparation cannot strand
-already allocated contexts that maintenance requires to drain.
-
-Do not set ACT_PUD* `command_cycles=2`: current codegen changes directed-edge
-anchors as well as bus occupancy. Model the mandatory transport reservation
-separately from local phase timing. Do not assign LC/GB queue tokens; movement
-occurrences only compete for the shared C/A slots under their retained fidelity.
-
-**Authority:** C-T Alternative A, initial setup and FIFO/atomic simulator queue
-semantics; C-E allocation/maintenance lifetime; B chip/range identity.
-
-**Inspect/change:** localized v2 queue/transport support near GenericDDR and
-Device context dispatch; `pud_sequence.*` activation/next-activation description;
-`python/ramulator/dram/spec.py` bus/offset generation for compatibility checks;
-test-only transport/reservation snapshots in the existing harness. Avoid new
-generic event, pin or bus frameworks and production trace schema changes.
-
-**Dependencies:** W2–W5. Queue mechanics can use component fixtures, but complete
-transport/PRE checks use the final scope and lifecycle rules. W6 component tests
-may construct fixture contexts directly; this does not change production's
-allocation-before-transport ordering or W6-before-W7 implementation order.
-
-**Validation before W7:** fill exactly eight entries, block the ninth and prove
-space returns on consumption while engines can remain busy. Exercise shared
-chip queues across Banks and isolation across Rank/Chip identities; multi-chip
-partial-capacity failure, mismatched heads and atomic consumption; repeated
-readiness probes; successor credit protected from another enqueue; no partial
-mutation on failed issue. Exercise multi-chip FIFO progress and avoid deadlock
-under staggered setup, successor transmission and maintenance arrival.
-
-Test initial cold/late setup, an available legal PRE-enqueue, distinct PRE-close
-and future-target contexts, full queues during setup, and rejection of historical
-PRE reuse/unnecessary Bank close. Verify T/T+1/T+2 boundaries, exact transport
-counts, NOT_COPY's target across N, and C/A exclusion of unrelated-Bank ordinary
-and movement commands at T+1. Confirm all local intervals remain those of W3.
-Queue-capacity boundary tests may use a fixture with more descriptors than an
-E=8 request stream naturally exposes; do not change the accepted Q to make a
-test easy or equate E and Q.
-
-**Regressions:** W3 timing and W4/W5 lifecycle/maintenance tests; legacy command
-cycles, Device timing, LC/GB timing and other-Bank scheduling. If generic bus
-generation changes, run affected non-DDR multi-cycle/bus tests immediately.
-
-**Completion:** descriptor/credit and C/A occupancy have deterministic tested
-boundaries; no payload state, permanent per-request queue slot, `min(E,Q)`
-shortcut or implicit persistent-selection Alternative B.
-
-**Stop:** honoring mandatory T+1 transport and FIFO drain appears to require
-different queue ordering, new target lifetime, a different PRE scope or changed
-local timing. First consumers are queue admission and atomic ACT commit. Present
-the concrete conflicting trace; do not repair it by changing A/B/C semantics.
+No physical target-delivery step occurs between allocation and activation.
+Remove baseline dependence on per-chip FIFO occupancy, Q=8, descriptor
+preparation, ACT/PRE enqueue/dequeue, initial one-CK target-only setup,
+T+1 transport, T+2 target readiness, or target-specific C/A reservations.
+Preserve ordinary shared command issue and applicable timing; local ACT
+anchors do not shift. Target metadata does not acquire execution ownership.
+
+**Historical / optional fidelity.** The completed Alternative-A/Q=8
+implementation and its verification are recorded in progress above and Git
+history at `0ce6922`. Alternative A was a project mapping of MIMDRAM transport
+onto PRADA activations, not a MIMDRAM-specified PRADA mechanism. It remains
+available for possible sensitivity analysis, not a baseline requirement.
+Current baseline source no longer contains it; validation is recorded above.
+
+**Authority:** T-A; C-T local/shared timing and ACT-overhead rounding;
+C-E allocation/maintenance lifetime; B resolved chip/range identity.
+
+**Inspect/change:** existing W6 queue/setup/successor dependencies in
+`dram/pud_target_queue.*`, Device and controller dispatch, `pud_sequence.*`
+and test-only transport fixtures. Reuse W2/W3 resolved occurrences and W4/W5
+checks. Preserve legacy command-cycle generation, shared issue constraints
+and production trace schemas. No new generic event, pin or bus framework.
+
+**Dependencies:** W2–W5. Component fixtures may construct protected contexts;
+production allocation remains W7 work. Baseline alignment does not begin W7.
+
+**Validation before W7:** every activation receives its exact resolved row,
+range and occurrence association, across copies/retries, repeated equal ranges,
+multi-destination RowCopy and NOT_COPY across N. Check profile-driven ranges
+including chip boundaries and replacement profiles. Missing/stale/mismatched
+associations fail before mutation; readiness probes remain pure.
+
+Verify a legal cold/late activation needs no target-only setup, successor
+event or queue capacity/readiness. No mat-target transport reserves T+1 or
+blocks otherwise eligible ordinary/movement work; applicable command issue
+and local timing still govern readiness. Preserve W3 local anchors and
+W4/W5 recovery, maintenance and exclusion, including rejected-issue behavior.
+
+**Regressions:** W3 timing and W4/W5 lifecycle/maintenance tests; directly
+affected legacy command-cycle, Device, LC/GB timing and other-Bank scheduling
+tests. Broaden coverage if shared bus/dispatch changes warrant it.
+
+**Completion:** validated resolved-target consumption implements T-A with no
+physical target-transport resource model. Preserve local compute timing and
+independent engine/range ownership. Report omitted transport latency,
+mat-queue stalls and target-delivery C/A contention as fidelity limitations,
+not physically zero costs.
+
+**Stop:** baseline alignment appears to require changed target identity,
+placement, local timing, recovery or exclusion beyond Accepted authority.
+First consumer is occurrence validation/Device issue; present the conflict
+before changing those semantics.
 
 ### W7 — First-fit engine allocation and concurrent command arbitration
 
@@ -668,13 +682,13 @@ per controller/channel control-unit instance, shared across Banks and Ranks;
 initial E=8, validation E=2 and E=1 serialized control. On allocation scan
 pending compute oldest-to-newest and select the first eligible request whose
 complete range is available and for which an engine is free. Reserve both
-atomically before waiting for initial ACT/transport. No allocation based on
+atomically before waiting for initial ACT. No allocation based on
 local command timing readiness; unallocated pending requests own nothing.
 
-Enforce W6's production allocation-before-transport ordering: pending requests
-occupy no mat-target queue entries. Once allocation succeeds, the context may
-wait for initial target setup, queue capacity, C/A arbitration or local timing
-while retaining its accepted engine/range ownership.
+Enforce W6's production allocation-before-ACT ordering. Once allocation
+succeeds, the context may wait for shared C/A arbitration or local timing
+while retaining its accepted engine/range ownership. T-A adds no target
+transport or mat-queue waiting.
 
 Disjoint ranges within one Bank/subarray may make independent progress.
 Intersecting ranges conflict even with different operand rows. A Bank cannot
@@ -682,11 +696,11 @@ allocate another subarray until all existing protected ranges drain. Different
 Banks share the same E pool, C/A and applicable maintenance/timing limits.
 
 Keep allocation separate from command arbitration. Use W5's before-prerequisite
-eligibility and final issue checks, W3's context-local readiness and W6's atomic
-target/C/A readiness. Already allocated continuations keep active precedence;
-preserve priority FIFO and ordinary/movement arbitration. A timing-blocked
-context must not monopolize shared issue. The T+1 transport obligation must
-survive refresh/plugin arrival and candidate reselection. Avoid reserving
+eligibility and final issue checks, W3's context-local readiness and W6's
+resolved-target validation with shared command-issue readiness. Already
+allocated continuations keep active precedence; preserve priority FIFO and
+ordinary/movement arbitration. A timing-blocked
+context must not monopolize shared issue. Avoid reserving
 resources as a side effect of FRFCFS/FRFCFSRowHit readiness probes.
 
 **Authority:** C-E resources/admission/precedence and engine scope; C-T shared
@@ -699,7 +713,7 @@ implementations and test harness. Reuse the shared request-count queue and
 candidate machinery where compatible, without replacing ordinary scheduling.
 
 **Dependencies:** W3–W6 complete, plus W2 request lifetime. Inspect the exact
-tick ordering of completion release, refresh generation, allocation, transport
+tick ordering of completion release, refresh generation, allocation
 and arbitration before wiring them together; document any non-trivial design
 choice according to AGENTS.md without treating it as a reopened Gate.
 
@@ -712,19 +726,19 @@ compute even across Banks; E=2/E=8 enforce capacity including pre-ACT waits
 and recovery; a ninth eligible request at E=8 waits for actual release. Pool
 scope spans multiple Banks/Ranks and movement uses no compute slot.
 
-Verify unallocated pending requests enqueue no target descriptors, and allocated
-contexts retain engine/range ownership throughout initial-transport waiting.
+Verify unallocated pending requests own no execution resources, and allocated
+contexts retain engine/range ownership throughout pre-first-ACT waiting.
 
 First-fit fixture: older A holds a range; oldest pending B conflicts with A;
 younger C fits a disjoint range; still younger D also fits. With one free
 engine C allocates first, B remains pending/unowned, and D waits for capacity.
 After A recovers, B precedes younger eligible work. Also show an oldest
-range-eligible compute may allocate despite its ACT being timing/target blocked;
+range-eligible compute may allocate despite its ACT being timing blocked;
 allocation order is not oldest-ready command order. Use deterministic existing
 queue order for equal ages and test both configured schedulers.
 
 Recheck exclusion before prerequisites and after policy/plugin changes. Include
-other-Bank work during local gaps, next-cycle transport contention, multiple
+other-Bank work during local gaps, shared command-issue contention, multiple
 simultaneous recoveries, active-buffer capacity/backpressure and callback reuse
 of a just-released engine. Pending capacity must not become an undocumented
 compute-engine limit. Keep command issue at one shared C/A action per tick.
@@ -735,8 +749,8 @@ controller-scheduling suite, including HBM/GDDR users, now; record results for
 closure instead of automatically repeating unchanged coverage per unit.
 
 **Completion:** real allocation and command issue demonstrate MIMD with fully
-coherent state, transport, recovery and exclusion. No legacy ownership predicate
-or Bank compute history silently serializes v2 disjoint progress.
+coherent state, resolved targets, recovery and exclusion. No legacy ownership
+predicate or Bank compute history silently serializes v2 disjoint progress.
 
 **Stop:** integration requires changing engine scope/release, allocation policy,
 subarray concurrency or existing mixed-traffic arbitration beyond C-E. First
@@ -759,17 +773,20 @@ v2 configurations must use B's profile-backed mapping/origins instead of
 silently treating those legacy vectors as placements. No arithmetic macro is
 needed: use independent primitives and callback-submitted dependent primitives.
 
-Report profile, E/Q, primitive/range identity, arrival, first ACT, issued
-occurrences, terminal PRE and recovery/departure. Distinguish local execution
-anchors, initial setup and observed waiting/contention; terminal nRP is already
-included in primitive totals. Test-only observation can expose allocation,
-target transport and context identity. Existing production command traces lack
-unique request/range/transport reconstruction; do not infer arbitrary concurrent
-histories from them or require a new trace schema. Deliberately unique source
+Report profile, E, the T-A transport abstraction, primitive/range identity,
+arrival, first ACT, issued occurrences, terminal PRE and recovery/departure.
+Distinguish local execution anchors and observed waiting/contention; terminal
+nRP is already included in primitive totals. State that transport latency,
+mat-queue stalls and target-delivery C/A contention are omitted, not physically
+zero. Test-only observation can expose allocation and resolved context identity.
+Existing production command traces lack unique request/range reconstruction;
+do not infer arbitrary concurrent histories from them or require a new trace
+schema. Deliberately unique source
 IDs can identify commands in these controlled benchmarks.
 
 **Authority:** A experiment/scope and dependency boundary; B profile/consumer
-contract; C-E lifecycle/accounting/functional split; C-T latency accounting.
+contract; C-E lifecycle/accounting/functional split; C-T latency accounting;
+T-A transport abstraction and fidelity limits.
 
 **Inspect/change:** Python v2 configuration/capability and generated registration;
 GenericDRAM/GenericDDR public ingress; `examples/ddr4_pud_microbenchmark.cpp`,
@@ -782,11 +799,12 @@ do not create additional persistent documents without authorization.
 
 **Validation before W9:** normal-path uncontended 61/66/76/99/104 CK local
 anchors, multi-destination 40+5D+16, several range widths, and LC/GB 130/75.
-Verify setup/queue/arbitration waiting increases request latency when expected
-without shifting local anchors when transport fits. Reproduce same-operation
-and heterogeneous overlap with E=2/E=8 and serialization with E=1; movement
+Verify engine/range and arbitration waiting increases request latency when
+expected without adding physical target-transport costs or shifting local
+anchors. Reproduce same-operation and heterogeneous overlap with E=2/E=8
+and serialization with E=1; movement
 blocked through compute recovery; longer AllBank-refresh mixed traffic drains
-without stale contexts or descriptors. A dependent primitive is submitted only
+without stale contexts. A dependent primitive is submitted only
 after all required producer callbacks; submission order alone is not an oracle.
 
 Confirm acceptance once after successful enqueue, completion/latency and moved
@@ -816,7 +834,7 @@ another implementation Phase or an automatic commit. One fresh-context audit
 is justified by context-aware Device dispatch, scheduler integration and
 reentrant recovery release; no audit is required after every small unit.
 
-**Authority:** A/B/C-E/C-T; AGENTS.md risk-tiered review rules.
+**Authority:** A/B/C-E/C-T/T-A; AGENTS.md risk-tiered review rules.
 
 **Inspect:** full main-to-implementation diff, generated files and test seams;
 all changed call sites of prerequisites, timing, issue, close, completion,
@@ -832,8 +850,9 @@ only if their covered source has not changed; fixes require affected reruns.
   boundaries and absence of state/resource mutation on rejected actions.
 - Verify common resolver consumption, no formula copies in operation code,
   copy/retry lifetime, no Bank-global target, no duplicate local/Bank timing,
-  and no surviving engines/ranges/queue entries or completion references after
-  drain. Review full maintenance scopes and callback reentrancy explicitly.
+  no physical target-transport resource dependence, and no surviving
+  engines/ranges or completion references after drain. Review full maintenance
+  scopes and callback reentrancy explicitly.
 - Regenerate/build from source and run v2 tests, all relevant DDR4/PuD/movement
   Device and GenericDDR tests, both legacy benchmarks and v2 scenarios. Run
   broader shared-infrastructure suites at the level warranted below.
@@ -885,7 +904,7 @@ return the modeling question to the user before changing semantics.
 ## Planning self-review and blockers
 
 - A/B/C are treated as fixed authority. No historical gate or unresolved
-  physical-wiring question is used to reopen accepted scope, FIFO transport,
+  physical-wiring question is used to reopen accepted scope, T-A's abstraction,
   engine release, same-subarray concurrency or geometry.
 - All CellID/footprint work is identity-only. No functional storage/interpreter,
   ADD/MUL, GEMV, reduction/host-combination implementation is scheduled.
@@ -893,8 +912,8 @@ return the modeling question to the user before changing semantics.
   delayed-completion boundaries. Generic hierarchy, scheduling, event systems,
   trace formats and physical queue replicas are not independent goals.
 - Ordering puts location identity before consumers, local state/timing before
-  recovery and exclusion, and all of those plus transport before allocation
-  and public overlap. Mixed-traffic safety is part of the coherent execution
+  recovery and exclusion, and all of those plus resolved-target consumption
+  before allocation and public overlap. Mixed-traffic safety is part of the coherent execution
   Phase, not cleanup after enabling MIMD.
 - No genuine blocker prevents planning from the Accepted decisions. Concrete
   C++ packaging/retention and integration details remain bounded implementation
@@ -902,5 +921,8 @@ return the modeling question to the user before changing semantics.
   reveals one, follow the explicit stop conditions rather than being decided
   by this plan.
 
-This documentation task changes only this plan. No source, Accepted decision,
-or AGENTS.md change and no implementation/test execution is part of its creation.
+The original plan-creation task changed only this plan. The 2026-09-09
+transport-abstraction update records T-A, narrowly updates C-T and this plan,
+and leaves code, source references, AGENTS.md and W7 execution unchanged.
+The separately authorized W6 baseline alignment is now implemented and validated
+as recorded above; W7 remains unstarted.
diff --git a/git_diff.log b/git_diff.log
index 4ed2556..9853f19 100644
--- a/git_diff.log
+++ b/git_diff.log
@@ -1,1092 +1,697 @@
+diff --git a/docs/pud/decisions/mimdram-mat-target-transport-abstraction.md b/docs/pud/decisions/mimdram-mat-target-transport-abstraction.md
+new file mode 100644
+index 0000000..8cebee5
+--- /dev/null
++++ b/docs/pud/decisions/mimdram-mat-target-transport-abstraction.md
+@@ -0,0 +1,110 @@
++Status: Accepted
++
++Question
++
++How should the baseline MIMDRAM/PRADA simulator represent delivery of the
++resolved mat range to each PuD activation?
++
++Decision
++
++Accept the user-selected resolved-target abstraction on 2026-09-09. This is
++the current baseline mat-target transport authority. It supersedes only the
++Alternative-A/Q=8 transport requirements in the canonical
++[Gate C timing/resource decision](mimdram-movement-timing-and-resource-model.md).
++Earlier Gate A overhead-accounting and Gate C pre-first-ACT transport-wait
++wording is subject to this abstraction; other timing, resource, allocation,
++ownership and recovery requirements remain in force.
++
++**Project simulator abstraction.** Every PuD request/occurrence retains its
++resolved target metadata. The Device may consume the corresponding row and
++resolved `MatRange` atomically when `ACT_PUD*` issues:
++
++```text
++Request / PuDOccurrence
++    row + resolved MatRange
++         |
++         v
++    ACT_PUD* Device action
++```
++
++The baseline models the selected-mat effect and abstracts physical delivery
++of the selection. This is a simulation abstraction, not a new DRAM command,
++hardware design, or claim that DDR4 can encode the range on the same C/A pins
++in the ordinary ACT cycle. Each compute occurrence, including N and PRE,
++keeps its explicit range/context association; this does not introduce a
++Bank-global or implicitly persistent selection.
++
++The baseline excludes per-chip mat-information FIFO occupancy, Q=8 as a
++performance/resource constraint, ACT-enqueue/PRE-enqueue/ACT-dequeue execution,
++per-activation target-descriptor preparation, T+1 target-transport events,
++T+2 target-readiness state, initial one-CK target-only setup events, and
++mat-target-specific C/A contention. Ordinary command issue arbitration and
++applicable shared timing remain modeled.
++
++Keep W1 canonical geometry and resolved `MatRange`, profile-defined mat/chip
++topology, explicit range association on every compute occurrence, range-local
++compute state, PRADA local primitive timing, and W4/W5 recovery, ownership and
++conflict rules. Later W7 engine/range allocation and MIMD scheduling retain
++their accepted policies, including the independent E=8 engine default.
++LC/GB local timing and their existing transport-fidelity boundary are unchanged.
++
++**Alternative-A status.** Alternative A was the project's mapping of
++MIMDRAM's physical target-transport mechanism onto PRADA's sequential
++activation commands. Neither the term nor that PRADA mapping was specified
++by MIMDRAM. The detailed Alternative-A/Q=8 implementation is retained in Git
++history at `0ce6922` for possible sensitivity analysis or optional future
++fidelity; it is no longer the baseline substrate contract. This abstraction
++also does not select the earlier persistent-selection hardware Alternative B.
++
++**Explicit fidelity limitation.** Baseline performance results do not include
++mat-information transport latency, mat-queue occupancy stalls, or C/A
++contention caused specifically by mat-information delivery. These effects are
++omitted, not physically zero. Report this limitation with baseline results;
++do not claim physically complete MIMDRAM target-transport performance.
++
++This acceptance changes documentation only. The detailed W6 code remains in
++the working source until a separately authorized implementation aligns it with
++this contract. W6 baseline alignment is pending before W7; this task neither
++modifies code nor begins W7.
++
++Rationale
++
++Resolved range metadata already supplies the simulator's selected-mat
++identity. Consuming it at activation preserves the intended range-local
++execution while avoiding a physical transport resource model in the baseline.
++The detailed alternative exposes additional transport costs but introduces
++queue, preparation and bus-reservation semantics specific to the project
++hybrid. Deferring that fidelity keeps the baseline focused on the accepted
++compute, recovery and MIMD mechanisms, with omitted costs stated explicitly.
++
++Evidence
++
++- **MIMDRAM source fact:** the unchanged
++  [technical reference, §1.2](../references/mimdram-inter-column-data-movement.md#12-fine-grained-mat-access-structures)
++  records physical mat-selection communication using per-chip mat-information
++  queues and ACT-enqueue, PRE-enqueue and ACT-dequeue. The ordinary DDR C/A
++  interface cannot simply carry all fine-grained mat-selection information
++  with an ordinary ACT; MIMDRAM communicates that information through the
++  additional mechanism. Its evaluated queue capacity is eight. These source
++  facts do not mandate an explicit simulator queue.
++- **Accepted project contracts:** [Gate B](mimdram-addressing-geometry-and-payload.md)
++  supplies resolved geometry/ranges; [Gate C execution](mimdram-movement-execution-ownership-and-device.md)
++  supplies occurrence association, range-local state, engine ownership and
++  recovery. The abstraction above is the user's project choice, not a source fact.
++- **Inspected implementation:** [target queues](../../../src/ramulator/dram/pud_target_queue.h)
++  and [their operations](../../../src/ramulator/dram/pud_target_queue.cpp)
++  implement per-chip capacity and matching ready heads;
++  [Device dispatch](../../../src/ramulator/dram/device.cpp) consumes descriptors,
++  reserves successor C/A and timestamps readiness;
++  [controller preparation](../../../src/ramulator/controller/controller_base.cpp)
++  handles initial setup and PRE pairing. These are evidence of the prior W6
++  implementation, not proof that the new abstraction is implemented.
++- [W6 progress and baseline work](../plans/mimdram-pud-substrate-v2-implementation-plan.md)
++  distinguish historical detailed-transport verification from pending baseline
++  alignment. No runtime tests were run for this documentation decision.
++
++Open issues
++
++- Implement and validate W6 baseline alignment before W7 in a later code task.
++- Any future sensitivity study must explicitly select and report its transport
++  fidelity; physical validation of the prior PRADA mapping remains unresolved.
+diff --git a/docs/pud/decisions/mimdram-movement-timing-and-resource-model.md b/docs/pud/decisions/mimdram-movement-timing-and-resource-model.md
+index 921cd36..80dd90b 100644
+--- a/docs/pud/decisions/mimdram-movement-timing-and-resource-model.md
++++ b/docs/pud/decisions/mimdram-movement-timing-and-resource-model.md
+@@ -18,9 +18,13 @@ fixes targets. The v2 rules here take precedence over the retained legacy
+ Bank-conservative/T3 contract below where explicitly refined. No code or
+ implementation plan is authorized by recording this decision.
+ 
+-The following are **Accepted project decisions**. MIMDRAM's transport
+-mechanisms and evaluated capacities are source facts; their mapping to PRADA
+-and the detailed queue semantics below are simulator assumptions.
++The [Accepted mat-target transport abstraction](mimdram-mat-target-transport-abstraction.md)
++supersedes only this document's Alternative-A/Q=8 baseline requirements.
++This document remains Accepted for all other timing/resource behavior.
++The two historical transport subsections below preserve the prior choice and
++rationale; they are not current baseline requirements. MIMDRAM's transport
++mechanisms and evaluated capacities remain source facts; their mapping to
++PRADA and detailed queue semantics were project simulator assumptions.
+ 
+ **History scopes and local timing**
+ 
+@@ -38,7 +42,20 @@ explicit assumption; do not infer movement exemptions from PRADA. Keep the
+ accepted LC/GB local graphs and existing shared constraints below. Enforce
+ each timing relationship in one authoritative domain, not twice.
+ 
+-**Selected transport Alternative A**
++**Baseline resolved-target consumption**
++
++Each ACT_PUD* consumes its occurrence's resolved row and MatRange atomically
++at issue, under the linked abstraction. There is no modeled physical target
++delivery, target FIFO/Q constraint, setup event, successor transport/readiness
++state, or mat-target-specific C/A contention. Preserve explicit occurrence
++association, range-local timing and ordinary shared command issue constraints.
++Omitted transport costs are not physically zero.
++
++**Historical transport Alternative A — Superseded**
++
++The following former baseline is retained as provenance only. Alternative A
++was a project mapping onto sequential PRADA activations, not MIMDRAM
++terminology or a MIMDRAM-specified PRADA mechanism.
+ 
+ Every ACT_PUD* occurrence consumes its matching precommunicated target before
+ activation takes effect. Each activation other than the last activation in
+@@ -73,7 +90,7 @@ semantically distinct. N and terminal PRE retain one modeled issue cycle and
+ their own context association; exact physical context-selection encoding is
+ not claimed.
+ 
+-**Initial setup and queue semantics**
++**Historical initial setup and queue semantics — Superseded**
+ 
+ Use PRE-enqueue when a suitable, legally issued preceding PRE can carry a
+ known request's target. The PRE uses its existing C/A cycle and applicable
+@@ -124,6 +141,10 @@ queue tokens. Compute transports compete with movement occurrences on shared
+ C/A. This asymmetric fidelity does not claim complete MIMDRAM bus/queue or
+ movement-throughput accuracy.
+ 
++The historical transport provisions end here. The ACT-overhead calculation,
++local timing and retained movement graph below remain current, with latency
++accounting updated for the accepted transport abstraction.
++
+ **Fine-grained ACT overhead and latency accounting**
+ 
+ MIMDRAM reports less than 0.5% additional ACT latency from mat isolation
+@@ -150,14 +171,15 @@ overhead is not physically zero. Recheck this conclusion for another timing
+ preset or a finer time resolution. This check does not recalibrate movement
+ or conventional ACT timings.
+ 
+-With prepared targets and no contention, first-ACT-through-terminal-recovery
++With resolved targets and no contention, first-ACT-through-terminal-recovery
+ totals remain RowCopy(D)=40+5D+16 CK, MAJ3=66, MAJ5=76, NOT=99, and
+-NOT_COPY=104 CK. Successor transmissions fit within their existing timing
+-gaps; initial setup, queue pressure, and shared C/A arbitration can still
+-increase request latency. Distinguish local primitive execution, initial
+-transport, range/engine/queue or maintenance waiting, shared arbitration,
+-and recovery. Overlapped costs are not summed twice; the totals already
+-include terminal nRP. The LC/GB 130/75 CK isolated local baselines below are
++NOT_COPY=104 CK. Range/engine or maintenance waiting and shared command
++arbitration can still increase request latency. Distinguish these costs from
++local primitive execution and recovery; target-transport latency, mat-queue
++stalls and target-delivery-specific C/A contention are omitted under the
++linked abstraction, not physically zero. Overlapped costs are not summed
++twice; the totals already include terminal nRP. The LC/GB 130/75 CK isolated
++local baselines below are
+ retained, not claims about contended v2 end-to-end latency.
+ 
+ **Retained legacy movement timing contract**
+@@ -412,8 +434,10 @@ later implementation audit finds that generalization beneficial.
+ 
+ Rationale
+ 
+-For v2, one history per active range preserves local PRADA timing while
+-separating selection traffic from execution. Alternative A exposes C/A and
++For v2, one history per active range preserves local PRADA timing. The current
++transport abstraction's rationale is in its linked Accepted decision.
++The following is the historical rationale for the superseded transport choice:
++Alternative A exposes C/A and
+ finite queue costs using source-inspired overlap instead of either silently
+ zero-cost targeting or a persistent-selection extension. Explicit setup
+ handles cold/late arrivals without inventing a historical PRE payload. The
+@@ -444,8 +468,9 @@ Evidence
+ Gate C was accepted by the user on 2026-09-09. The curated reference records
+ MIMDRAM source facts from section 4.2, section 7, and Table 2: enqueue/dequeue,
+ overlap, per-chip queue, evaluated resources, and fine-grained ACT overhead.
+-The PRADA mapping, cold-start event, exact FIFO/atomic synchronization, and
+-relative-bound application are Accepted project assumptions.
++The PRADA mapping, cold-start event and exact FIFO/atomic synchronization were
++accepted project assumptions, now superseded as baseline requirements by the
++linked abstraction. The relative-bound application remains Accepted.
+ 
+ Current implementation facts: [Python timing generation](../../../python/ramulator/dram/spec.py)
+ adjusts edge anchors for multi-cycle commands; [compute timing](../../../python/ramulator/dram/ddr4_pud.py)
+@@ -483,9 +508,13 @@ Open issues
+ - Physical movement command encoding and exact C/A-bus occupancy.
+ - Whether stronger evidence requires movement `tRRD`, `tFAW`, activation-
+   current, ordinary row-cycle, DQ, or additional shared Rank/Channel rules.
+-- Physical validation of the hybrid transport encoding and FIFO/atomic queue
+-  semantics; more detailed movement transport remains outside this profile.
++- Physical validation of the historical hybrid transport encoding and
++  FIFO/atomic queue semantics if revisited for optional sensitivity analysis;
++  these are not baseline implementation prerequisites. More detailed movement
++  transport remains outside this profile.
+ - Portability of the numeric assumptions to another timing preset,
+   organization, or DRAM standard.
+-- Gate C is accepted but not implemented; v2 local/shared timing, transport,
+-  and same-subarray overlap require implementation validation.
++- Current implementation progress is recorded in the
++  [implementation plan](../plans/mimdram-pud-substrate-v2-implementation-plan.md).
++  W6 code still implements the historical transport model; baseline alignment
++  and later same-subarray scheduling integration require implementation validation.
 diff --git a/docs/pud/plans/mimdram-pud-substrate-v2-implementation-plan.md b/docs/pud/plans/mimdram-pud-substrate-v2-implementation-plan.md
-index ba957d8..6c7357a 100644
+index 6c7357a..f1ad758 100644
 --- a/docs/pud/plans/mimdram-pud-substrate-v2-implementation-plan.md
 +++ b/docs/pud/plans/mimdram-pud-substrate-v2-implementation-plan.md
 @@ -1,6 +1,6 @@
  # MIMDRAM-based PuD substrate v2 implementation plan
  
--Status: Implementation in progress — Phase 1 complete; W3-W5 complete; W6-W9 not started.
-+Status: Implementation in progress — Phase 1 complete; W3-W6 complete; W7-W9 not started.
+-Status: Implementation in progress — Phase 1 complete; W3-W6 complete; W7-W9 not started.
++Status: Implementation in progress — Phase 1 and W3-W5 complete; historical W6 complete; W6 baseline alignment pending; W7-W9 not started.
  
  ## Implementation progress (2026-09-09)
  
-@@ -34,9 +34,31 @@ Status: Implementation in progress — Phase 1 complete; W3-W5 complete; W6-W9 n
+@@ -34,18 +34,26 @@ Status: Implementation in progress — Phase 1 complete; W3-W6 complete; W7-W9 n
    cover failed active-buffer promotion. Internal fixtures preserve disjoint
    compute progress; transport, allocation/arbitration and public v2 execution
    remain W6+ work.
--- **W6-W9: Not started.** The work-unit specifications below remain unchanged
-+- **W6: Completed.** Device-owned `PuDTargetQueues` provide per-chip Q=8 FIFO
-+  descriptors and atomic ready-head consumption. Timestamped successor entries
-+  reserve credit at ACT issue for T+1 transport/T+2 readiness; Device shared C/A
-+  checks exclude ordinary/movement issue without changing local PRADA anchors.
-+  Controller preparation/issue seams require existing protected reservations and
-+  recheck W5 eligibility, including independently scoped useful PRE pairing.
-+  `PuDComputeContext` remains minimal. W3-W5 local-only test seams are private;
-+  W6 fixtures exercise transport-aware dispatch with explicit reservations.
-+- **W7-W9: Not started.** The work-unit specifications below remain unchanged
-   as implementation authority/history.
+-- **W6: Completed.** Device-owned `PuDTargetQueues` provide per-chip Q=8 FIFO
+-  descriptors and atomic ready-head consumption. Timestamped successor entries
++- **W6: Historical detailed transport completed; baseline alignment pending.**
++  The [Accepted transport abstraction](../decisions/mimdram-mat-target-transport-abstraction.md)
++  replaces the Alternative-A/Q=8 baseline with atomic resolved-target consumption.
++  Code is unchanged by this decision; align and validate W6 before W7.
++  The following describes historical / optional fidelity retained in Git history
++  at `0ce6922`, and still present in current source: Device-owned
++  `PuDTargetQueues` provide per-chip Q=8 FIFO descriptors and atomic ready-head
++  consumption. Timestamped successor entries
+   reserve credit at ACT issue for T+1 transport/T+2 readiness; Device shared C/A
+   checks exclude ordinary/movement issue without changing local PRADA anchors.
+   Controller preparation/issue seams require existing protected reservations and
+   recheck W5 eligibility, including independently scoped useful PRE pairing.
+   `PuDComputeContext` remains minimal. W3-W5 local-only test seams are private;
+   W6 fixtures exercise transport-aware dispatch with explicit reservations.
+-- **W7-W9: Not started.** The work-unit specifications below remain unchanged
+-  as implementation authority/history.
++- **W7-W9: Not started.** Ordering and unrelated work-unit requirements are
++  unchanged. Only dependencies on superseded physical target transport are
++  adjusted below; no W7 implementation begins in this documentation task.
  
-+W6 verification: 51 focused transport tests and 255 W3-W5 tests passed. Full
-+Device and controller regression runs passed (250 and 656 tests respectively);
-+the final focused run also includes three subsequently added ordinary-C/A and
-+rank-PRE cases. Coverage includes Q=8/credit release independent of engines,
-+multi-chip capacity/head rejection without mutation, reserved successors, FIFO
-+drain with maintenance arrival, cold/late setup, distinct PRE close/target
-+contexts, NOT_COPY across N, replacement-profile targeting, exact successor
-+counts and unchanged 61/66/76/99/104 CK local recovery-inclusive anchors.
-+LC/GB retained timing and shared C/A contention passed. Build/codegen passed for
-+`ramulator`, `_ramulator` and `_ramulator_test`; generated definitions were
-+unchanged. Full W6 diff review and `git diff --check` passed. Existing source
-+architecture comments now include W6 queues. Production allocation, oldest-first
-+admission, scheduler integration and public v2 execution remain W7+ work.
-+
- W5 verification: 126 focused conflict/drain tests and the 31 W4 lifecycle plus
- 96 W3 range/timing tests passed together (253 tests, exit 0). The complete
- controller suite passed (604 tests, exit 0), including movement ownership,
-diff --git a/src/ramulator/controller/controller_base.cpp b/src/ramulator/controller/controller_base.cpp
-index 3371cff..58eaf69 100644
---- a/src/ramulator/controller/controller_base.cpp
-+++ b/src/ramulator/controller/controller_base.cpp
-@@ -399,6 +399,65 @@ PuDComputeContext& ControllerBase::protected_pud_context(const Request& req) con
-   return *context;
- }
+-W6 verification: 51 focused transport tests and 255 W3-W5 tests passed. Full
++Historical W6 verification (Alternative A, not validation of the new baseline):
++51 focused transport tests and 255 W3-W5 tests passed. Full
+ Device and controller regression runs passed (250 and 656 tests respectively);
+ the final focused run also includes three subsequently added ordinary-C/A and
+ rank-PRE cases. Coverage includes Q=8/credit release independent of engines,
+@@ -135,18 +143,22 @@ handoff, verify the then-current main and inspect any intervening source delta
+ before applying this plan. Do not merge the separate functional-simulator branch.
  
-+bool ControllerBase::check_pud_compute_issue(const Request& req) {
-+  const auto& context = protected_pud_context(req);
-+  if (!is_pud_eligible_before_prerequisite(req)) return false;
-+  const auto occurrence = describe_pud_occurrence(req, req.occurrence_index, *m_device.m_spec);
-+  return m_device.check_pud_timing(req, occurrence, &context, m_clk);
-+}
-+
-+void ControllerBase::issue_pud_compute(Request& req) {
-+  if (!check_pud_compute_issue(req)) throw std::logic_error("Compute target/transport or local timing not ready");
-+  const auto occurrence = describe_pud_occurrence(req, req.occurrence_index, *m_device.m_spec);
-+  m_device.issue_pud_command(req, occurrence, &protected_pud_context(req), m_clk);
-+}
-+
-+bool ControllerBase::check_pud_target_preparation(const Request& req, const Request* preceding_pre) {
-+  const auto& context = protected_pud_context(req);
-+  // Allocated contexts must still drain after maintenance arrives. In
-+  // particular, hybrid setup cannot be suppressed merely by a priority head
-+  // waiting for this very reservation. Check any proposed PRE independently.
-+  if (!is_pud_eligible_before_prerequisite(req) ||
-+      !m_device.check_pud_target_setup(req, &context, m_clk)) return false;
-+  if (!preceding_pre) return true;
-+  const auto& pre = *preceding_pre;
-+  const auto& spec = *m_device.m_spec;
-+  if (pre.pud_locations && is_inherited_pud_request_type(pre.type_id)) {
-+    // A real terminal range PRE is useful, and closes only its own invocation.
-+    const auto occurrence = describe_pud_occurrence(pre, pre.occurrence_index, spec);
-+    return occurrence.terminal && check_pud_compute_issue(pre);
-+  }
-+  if (pre.command < 0 || pre.command >= spec.command_count) return false;
-+  const auto& name = spec.command_names[pre.command];
-+  if (name != "PREpb" && name != "PREab") return false;
-+  const bool movement_owner = is_movement_request_type(pre.type_id) && describe_pud_movement_state(pre).owns_bank;
-+  if (!m_priority_buffer.buffer.empty() && &pre != &m_priority_buffer.buffer.front() && !movement_owner) return false;
-+  // Recheck W5 before prerequisites or mutation, including queued maintenance
-+  // policy changes. An empty Bank PRE is never inserted just to carry a target.
-+  if (!is_pud_eligible_before_prerequisite(pre) || (!movement_owner && would_close_active(pre)) ||
-+      !validate_request_for_issue(pre)) return false;
-+  bool useful = false;
-+  m_device.for_each_target_bank(pre.command, pre.addr_vec, [&](int bank) {
-+    const auto* node = m_device.m_bank_nodes[bank];
-+    useful |= !node->m_row_state.empty() || node->m_state != spec.get_state_id("Closed");
-+  });
-+  return useful;
-+}
-+
-+void ControllerBase::prepare_pud_target(const Request& req, Request* preceding_pre) {
-+  if (!check_pud_target_preparation(req, preceding_pre)) {
-+    throw std::logic_error("Initial target preparation not ready");
-+  }
-+  if (preceding_pre) {
-+    auto& pre = *preceding_pre;
-+    if (pre.pud_locations && is_inherited_pud_request_type(pre.type_id)) issue_pud_compute(pre);
-+    else m_device.issue_command(pre.command, pre.addr_vec, m_clk);
-+  }
-+  // A hybrid setup has only C/A + target-queue effects. A paired PRE already
-+  // performed its own close/recovery above, using the same single C/A cycle.
-+  m_device.enqueue_pud_initial_target(req, m_clk);
-+}
-+
- ControllerBase::ProtectedCompute& ControllerBase::protected_pud_record(const Request& req) {
-   const auto* context = &protected_pud_context(req);
-   return *std::find_if(m_protected_compute.begin(), m_protected_compute.end(),
-diff --git a/src/ramulator/controller/controller_base.h b/src/ramulator/controller/controller_base.h
-index 98d7b23..87bb6d4 100644
---- a/src/ramulator/controller/controller_base.h
-+++ b/src/ramulator/controller/controller_base.h
-@@ -44,7 +44,8 @@ class PuDConflictUnderTest;
-  * Request owns sequence/history; context (device.h) owns protocol phase.
-  * Delayed completion owns depart = terminal Request timestamp + nRP and releases
-  * protection before accounting/callback.
-- * W1-W5 retain protected resource identity/lifetime via explicit reservations.
-+ * W1-W6 retain protected resource identity/lifetime via explicit reservations.
-+ * W6 preparation/issue --> Device target queues + shared C/A (pud_target_queue.h).
-  * Production E=8 engine-pool allocation is W7 and is not implemented here yet.
-  */
+ Read [AGENTS.md](../../../AGENTS.md), the relevant curated references below,
+-the four canonical authorities, this plan, and the source/tests for the selected
+-work unit. Historical completed plans supply conventions, not v2 semantics.
++the canonical authorities and transport abstraction below, this plan, and the
++source/tests for the selected work unit. Historical completed plans supply
++conventions, not v2 semantics.
  
-@@ -149,6 +150,15 @@ class ControllerBase : public IController, public Implementation {
-   ProtectedCompute& protected_pud_record(const Request& req);
-   void release_completed_resources(Request& req);
+ | Key | Current authority and use |
+ | --- | --- |
+ | A | [Substrate and movement request boundary](../decisions/mimdram-substrate-and-movement-request-boundary.md): accepted hybrid, five primitives, same-subarray MIMD, conservative movement, substrate/macro boundary. |
+ | B | [Addressing, geometry, and payload](../decisions/mimdram-addressing-geometry-and-payload.md): replaceable profile, paired operands, canonical CellID, initial v1 placement, compute ranges, movement topology/payload. |
+ | C-E | [Execution, ownership, and Device](../decisions/mimdram-movement-execution-ownership-and-device.md): v2 range contexts, engines, allocation, lifecycle, maintenance and functional split; retained movement provisions. |
+-| C-T | [Timing and resource model](../decisions/mimdram-movement-timing-and-resource-model.md): v2 local/shared scopes, Alternative A, initial setup, per-chip queues, rounding; retained movement timing graph. |
++| C-T | [Timing and resource model](../decisions/mimdram-movement-timing-and-resource-model.md): v2 local/shared scopes, ACT-overhead rounding and retained movement timing graph. |
++| T-A | [Mat-target transport abstraction](../decisions/mimdram-mat-target-transport-abstraction.md): current baseline resolved-target consumption; supersedes Alternative-A/Q=8 transport requirements. |
  
-+  // W6 mechanics for explicitly allocated contexts. W7 will select callers;
-+  // these methods neither allocate engines nor select/schedule pending work.
-+  // A paired PRE is issued now, with its own scope. The caller retains normal
-+  // retirement/notification handling for that PRE's Request.
-+  bool check_pud_target_preparation(const Request& req, const Request* preceding_pre = nullptr);
-+  void prepare_pud_target(const Request& req, Request* preceding_pre = nullptr);
-+  bool check_pud_compute_issue(const Request& req);
-+  void issue_pud_compute(Request& req);
-+
-   // Stats
-   Clk_t m_measured_clk = 0;
+-All three Gates A/B/C are **Accepted and closed**. C-E/C-T's v2 sections take
+-precedence where they explicitly refine retained Bank-wide behavior. B's older
++All three Gates A/B/C are **Accepted and closed**. T-A supersedes the earlier
++physical target-transport requirements, including A's transport-overhead and
++C-E's pre-first-ACT transport-wait references. All other C-E/C-T v2 refinements
++retain precedence over retained Bank-wide behavior. B's older
+ forward references to A/C, and proposal-era questions in the
+ [gap analysis](mimdram-pud-substrate-v2-gap-analysis.md), do not reopen them.
+ The gap analysis's §§9.4–9.6 identify the current authority. Unresolved physical
+@@ -221,18 +233,19 @@ There is no requirement to commit after each unit or to create further plans.
+ | Boundary | Work units | Exit invariant |
+ | --- | --- | --- |
+ | Phase 1: common placement and submission contract | W1 geometry/profile; W2 paired requests and shared location consumers | One tested location authority supplies ordinary and PuD footprints; invalid v2 placements cannot reach legacy execution. V2 execution remains unavailable. |
+-| Phase 2: coherent range execution | W3 local state/timing; W4 recovery lifecycle; W5 movement/ordinary/maintenance exclusion; W6 target queues/transport; W7 allocation/arbitration; W8 public integration and microbenchmarks | All five v2 primitives support safe same-subarray disjoint-range overlap with complete transport, recovery and mixed-traffic rules; movement retains its accepted behavior. |
++| Phase 2: coherent range execution | W3 local state/timing; W4 recovery lifecycle; W5 movement/ordinary/maintenance exclusion; W6 resolved-target consumption; W7 allocation/arbitration; W8 public integration and microbenchmarks | All five v2 primitives support safe same-subarray disjoint-range overlap with explicit resolved targets, recovery and mixed-traffic rules; movement retains its accepted behavior. |
+ | Final integration closure | W9 validation and fresh-context audit | Entire implementation satisfies authority, integration tests and legacy regressions, with limitations and process failures reported accurately. |
  
-diff --git a/src/ramulator/controller/pud_sequence.cpp b/src/ramulator/controller/pud_sequence.cpp
-index b9bd694..ee31425 100644
---- a/src/ramulator/controller/pud_sequence.cpp
-+++ b/src/ramulator/controller/pud_sequence.cpp
-@@ -161,6 +161,20 @@ void initialize_pud_sequence(Request& req, const DRAMSpec& spec) {
-   configure_pud_occurrence(req, spec);
- }
+ Major dependency chain:
  
-+bool is_pud_activation(const PuDOccurrence& occurrence, const DRAMSpec& spec) {
-+  const auto& command = spec.command_names.at(occurrence.command);
-+  return command == "ACT_PUD_OC" || command == "ACT_PUD_S_OC" ||
-+         command == "ACT_PUD" || command == "ACT_PUD_S";
-+}
-+
-+std::optional<PuDOccurrence> next_pud_activation(const Request& req, size_t after, const DRAMSpec& spec) {
-+  for (size_t i = after + 1; i < get_pud_sequence_length(req); ++i) {
-+    auto occurrence = describe_pud_occurrence(req, i, spec);
-+    if (is_pud_activation(occurrence, spec)) return occurrence;
-+  }
-+  return std::nullopt;
-+}
-+
- PuDOccurrenceAdvance observe_pud_command_issue(Request& req, int issued_command, Clk_t clk, const DRAMSpec& spec) {
-   if (issued_command != req.final_command) {
-     return PuDOccurrenceAdvance::NotIssued;
-diff --git a/src/ramulator/controller/pud_sequence.h b/src/ramulator/controller/pud_sequence.h
-index d014fe3..2e6b44e 100644
---- a/src/ramulator/controller/pud_sequence.h
-+++ b/src/ramulator/controller/pud_sequence.h
-@@ -3,6 +3,7 @@
+ ```text
+ W1 -> W2 -> W3 -> W4 -> W5 -> W6 -> W7 -> W8 -> W9
+-      placement   local state/lifecycle   transport   allocation   closure
++      placement   local state/lifecycle   targets     allocation   closure
+ ```
  
- #include <array>
- #include <cstddef>
-+#include <optional>
+-W6's queue mechanics can be developed against W2/W3 descriptors, but its PRE
+-integration requires W4/W5. W7 must consume finished W3–W6 contracts; it must
++W6 consumes W2/W3 resolved occurrences and preserves W4/W5 protection and
++eligibility. Its baseline alignment must finish before W7. W7 must consume
++finished W3–W6 contracts; it must
+ not relax ownership first and retrofit safety later. W8 is integration and
+ reproducibility, not deferred implementation of fundamental conflict rules.
  
- #include "ramulator/base/request.h"
+@@ -428,7 +441,8 @@ versus a narrow Device-side store before implementing it. Preserve legacy
+ handler paths and generic hierarchy APIs where a local seam suffices.
  
-@@ -79,6 +80,8 @@ using PuDMovementTimingConstraints =
+ **Dependencies:** W2. Component tests may establish protected contexts directly;
+-this does not enable public allocation or bypass transport in the final path.
++this does not enable public allocation or bypass resolved-target validation
++in the final path.
  
- size_t get_pud_sequence_length(const Request& req);
- PuDOccurrence describe_pud_occurrence(const Request& req, size_t occurrence_index, const DRAMSpec& spec);
-+bool is_pud_activation(const PuDOccurrence& occurrence, const DRAMSpec& spec);
-+std::optional<PuDOccurrence> next_pud_activation(const Request& req, size_t after, const DRAMSpec& spec);
- void initialize_pud_sequence(Request& req, const DRAMSpec& spec);
- PuDOccurrenceAdvance observe_pud_command_issue(Request& req, int issued_command, Clk_t clk, const DRAMSpec& spec);
- PuDMovementTimingConstraints make_movement_timing_constraints(const DRAMSpec& spec);
-diff --git a/src/ramulator/dram/CMakeLists.txt b/src/ramulator/dram/CMakeLists.txt
-index 88a6b14..5ec441d 100644
---- a/src/ramulator/dram/CMakeLists.txt
-+++ b/src/ramulator/dram/CMakeLists.txt
-@@ -6,6 +6,7 @@ target_sources(
-   device.h  device.cpp
-   dram_spec.h  dram_spec.cpp
-   pud_location.h  pud_location.cpp
-+  pud_target_queue.h  pud_target_queue.cpp
-   func_types.h
+ **Validation before W4:** interleave two same-operation and heterogeneous
+ range contexts, checking independent row identity, charge-sharing/sensed phases,
+@@ -539,7 +553,7 @@ Open/ClosedCAP, controller plugins and existing movement accounting helpers.
+ Retain full-scope Bank traversal and add range-aware guards locally.
  
-   commands/ACT.h  commands/ACT1.h  commands/ACT2.h
-diff --git a/src/ramulator/dram/device.cpp b/src/ramulator/dram/device.cpp
-index 4ce7317..740b0aa 100644
---- a/src/ramulator/dram/device.cpp
-+++ b/src/ramulator/dram/device.cpp
-@@ -106,21 +106,21 @@ void DRAMDevice::validate_pud_command(const Request& req, const PuDOccurrence& o
-   }
- }
+ **Dependencies:** W2–W4. This unit provides the eligibility predicate consumed
+-by both target preparation and real allocation; no later unit may defer it.
++by resolved-target dispatch and real allocation; no later unit may defer it.
  
--bool DRAMDevice::check_pud_timing(const Request& req, const PuDOccurrence& occurrence,
-+bool DRAMDevice::check_pud_local_timing(const Request& req, const PuDOccurrence& occurrence,
-                                  const PuDComputeContext* context, Clk_t clk) {
-   validate_pud_command(req, occurrence, context);
-   return check_pud_compute_occurrence_timing(req, clk, *m_spec) &&
-          m_root->check_timing(occurrence.command, occurrence.location()->external, clk);
- }
+ **Validation before W6:** compute blocks LC and GB while active and recovering,
+ and movement blocks compute through its recovery. Test all movement/movement
+@@ -571,95 +585,77 @@ remapping, maintenance interruption or refresh deadlines. First consumers are
+ eligibility, scope validation and movement actions; retain accepted rejection
+ and conservative behavior instead of inventing missing physical details.
  
--void DRAMDevice::issue_pud_command(Request& req, const PuDOccurrence& occurrence,
-+void DRAMDevice::issue_pud_local_command(Request& req, const PuDOccurrence& occurrence,
-                                   PuDComputeContext* context, Clk_t clk) {
--  if (!check_pud_timing(req, occurrence, context, clk)) {
-+  if (!check_pud_local_timing(req, occurrence, context, clk)) {
-     throw std::logic_error("Compute range timing not ready");
-   }
-   // Outgoing edge inventory (DDR4_PuD + DDR4_PuD_Movement Python definitions):
-   // - Channel: retain any explicit shared constraints. The existing controller
--  //   serializes one-CK C/A issue; Python omits Device bus edges for one tick.
-+  //   serializes one-CK C/A issue; W6 reserves transport separately below.
-   // - Bank ACT_PUD*/N -> compute/PRE: PRADA phases, interpreted only by the
-   //   Request-local timing helper above; no Bank history/deadline update here.
-   // - Terminal PRE -> ACT/compute/ACT_MOV (Bank), -> REFab (Rank): recovery
-@@ -149,14 +149,77 @@ void DRAMDevice::issue_pud_command(Request& req, const PuDOccurrence& occurrence
-   observe_pud_command_issue(req, occurrence.command, clk, *m_spec);
- }
+-### W6 — Per-chip target queues and shared C/A transport
++### W6 — Resolved-target consumption without physical transport resources
  
-+bool DRAMDevice::pud_ca_available(Clk_t clk) const {
-+  return clk >= m_pud_ca_ready && clk >= m_command_ca_ready;
-+}
-+
-+void DRAMDevice::validate_pud_reservation(const Request& req, const PuDComputeContext* context) const {
-+  if (!context || req.pud_compute_context.lock().get() != context) {
-+    throw std::logic_error("Target transport requires allocated compute context");
-+  }
-+  for (const auto& held : m_protected_compute) {
-+    if (held.lock().get() == context) return;
-+  }
-+  throw std::logic_error("Target transport requires protected compute context");
-+}
-+
-+bool DRAMDevice::check_pud_target_setup(const Request& req, const PuDComputeContext* context, Clk_t clk) {
-+  validate_pud_reservation(req, context);
-+  const auto first = describe_pud_occurrence(req, req.occurrence_index, *m_spec);
-+  validate_pud_command(req, first, context);
-+  return req.occurrence_index == 0 && pud_ca_available(clk) && m_pud_targets.can_enqueue(context, first);
-+}
-+
-+void DRAMDevice::enqueue_pud_initial_target(const Request& req, Clk_t clk) {
-+  // Controller has rechecked allocation, W5 eligibility and any actual PRE
-+  // close before committing. No historical-PRE lookup or Request advancement.
-+  m_pud_targets.enqueue(req.pud_compute_context.lock(), describe_pud_occurrence(req, 0, *m_spec), clk, clk + 1);
-+  m_pud_ca_ready = clk + 1;
-+}
-+
-+bool DRAMDevice::check_pud_timing(const Request& req, const PuDOccurrence& occurrence,
-+                                 const PuDComputeContext* context, Clk_t clk) {
-+  validate_pud_reservation(req, context);
-+  if (!check_pud_local_timing(req, occurrence, context, clk) || !pud_ca_available(clk)) return false;
-+  if (!is_pud_activation(occurrence, *m_spec)) return true;
-+  // W2 validates the same complete mat range for every compute operand. Thus
-+  // matching ready heads supply exactly one successor credit on every chip,
-+  // even at Q=8. No command can have reserved T+1 while T is available: this
-+  // localized bus only reserves contiguous current/next cycles at issue.
-+  return m_pud_targets.ready(context, occurrence, clk);
-+}
-+
-+void DRAMDevice::issue_pud_command(Request& req, const PuDOccurrence& occurrence,
-+                                  PuDComputeContext* context, Clk_t clk) {
-+  if (!check_pud_timing(req, occurrence, context, clk)) {
-+    throw std::logic_error("Compute target/transport or local timing not ready");
-+  }
-+  const bool activation = is_pud_activation(occurrence, *m_spec);
-+  const auto successor = activation ? next_pud_activation(req, occurrence.index, *m_spec) : std::nullopt;
-+  // All checks precede mutation on every chip. Claim the mandatory successor
-+  // slot now, using the consumed heads' credit. The immutable entry represents
-+  // a reservation until T+1, its transmission at T+1, and readiness at T+2.
-+  // Nothing needs a tick callback or a second transport progress machine.
-+  if (activation) {
-+    m_pud_targets.consume(occurrence);
-+    if (successor) m_pud_targets.enqueue(req.pud_compute_context.lock(), *successor, clk + 1, clk + 2);
-+  }
-+  m_pud_ca_ready = clk + (successor ? 2 : 1);
-+  issue_pud_local_command(req, occurrence, context, clk);
-+}
-+
- void DRAMDevice::issue_command(int command, const AddrVec_t& addr_vec, Clk_t clk) {
-   validate_command(command, addr_vec, clk);
-+  if (clk < m_pud_ca_ready) throw std::logic_error("C/A reserved for compute command/target transport");
-   m_root->update_timing(command, addr_vec, clk);
-   apply_action(command, addr_vec, clk);
-+  // This observes existing issue occupancy only for W6 events. Legacy timing
-+  // checks and non-DDR dual/multi-cycle bus generation retain their behavior.
-+  m_command_ca_ready = clk + m_spec->command_cycles.at(command);
- }
+-**Goal / observable behavior.** Implement Alternative A with Q=8 descriptors
+-per physical `(Channel, Rank, Chip)`, shared across that chip's Banks/subarrays.
+-FIFO order, ready times, context/occurrence identity and reservations are the
+-only modeled queue state. Range transmission, capacity checks and consumption
+-are atomic across participating chips. An ACT consumes matching ready heads
+-on every participating chip; mismatches/absence block it. Probes are pure.
++**Goal / observable behavior.** Apply T-A: the Device consumes the row and
++resolved `MatRange` associated with each `ACT_PUD*` atomically at issue.
++Retain W1 profile-defined mat/chip topology, W2 request/occurrence identity,
++W3 range-local state and PRADA timing, and W4/W5 protection and conflict rules.
++Every compute occurrence retains its explicit range/context association,
++including N and terminal PRE; no Bank-global selected-target state is implied.
  
- bool DRAMDevice::check_timing(int command, const AddrVec_t& addr_vec, Clk_t clk) {
--  return m_root->check_timing(command, addr_vec, clk);
-+  return clk >= m_pud_ca_ready && m_root->check_timing(command, addr_vec, clk);
- }
+-The production ordering is:
++The production ordering remains:
  
- int DRAMDevice::get_preq_command(int command, const AddrVec_t& addr_vec, Clk_t clk) {
-diff --git a/src/ramulator/dram/device.h b/src/ramulator/dram/device.h
-index 86236e3..f65a32a 100644
---- a/src/ramulator/dram/device.h
-+++ b/src/ramulator/dram/device.h
-@@ -8,6 +8,10 @@
- #include "ramulator/base/type.h"
- #include "ramulator/dram/dram_spec.h"
- #include "ramulator/dram/node.h"
-+#include "ramulator/dram/pud_target_queue.h"
-+
-+class ComputeRangesUnderTest;
-+class ComputeLifecycleUnderTest;
+ ```text
+ pending compute request
+     -> allocate/acquire compute engine + complete mat range
+-    -> reserve/perform initial target transport
+-    -> first ACT_PUD*
+-    -> subsequent activation/transport sequence
++    -> ACT_PUD* consumes its resolved target at issue
++    -> subsequent occurrences consume their own resolved associations
+ ```
  
- namespace Ramulator {
+-Do not speculatively enqueue target descriptors for unallocated compute
+-requests. Target transport must never acquire execution ownership by itself.
+-
+-Every non-final activation at T reserves its own C/A cycle, T+1 for successor
+-transport and successor queue credit before issue, including credit freed by
+-consuming current heads. The target sent at T+1 becomes ready at T+2. No other
+-command/event may use that C/A cycle; local ACT phase begins at T. Final
+-activations do not send successors. Counts are D/2/4/0/1 for RowCopy(D)/MAJ3/
+-MAJ5/NOT/NOT_COPY, regardless of numerically identical ranges. N/PRE keep their
+-own context, consume no ACT descriptor, and NOT_COPY retains its destination
+-descriptor through N. Neither transport kind advances the primitive cursor.
+-
+-Use legal PRE-enqueue for an allocated context's known future target when
+-available, preserving the PRE's actual close scope/recovery separately from
+-its communicated target. Preparation alone must not grant engine/range
+-ownership. A historical PRE
+-cannot encode a later-arriving request; never insert an unnecessary whole-Bank
+-PRE for disjoint compute. Otherwise use the accepted one-CK initial setup
+-event, ready after its cycle, with shared C/A occupancy and no row-state effect.
+-Check PRE pairing against W5 eligibility so target preparation cannot strand
+-already allocated contexts that maintenance requires to drain.
+-
+-Do not set ACT_PUD* `command_cycles=2`: current codegen changes directed-edge
+-anchors as well as bus occupancy. Model the mandatory transport reservation
+-separately from local phase timing. Do not assign LC/GB queue tokens; movement
+-occurrences only compete for the shared C/A slots under their retained fidelity.
+-
+-**Authority:** C-T Alternative A, initial setup and FIFO/atomic simulator queue
+-semantics; C-E allocation/maintenance lifetime; B chip/range identity.
+-
+-**Inspect/change:** localized v2 queue/transport support near GenericDDR and
+-Device context dispatch; `pud_sequence.*` activation/next-activation description;
+-`python/ramulator/dram/spec.py` bus/offset generation for compatibility checks;
+-test-only transport/reservation snapshots in the existing harness. Avoid new
+-generic event, pin or bus frameworks and production trace schema changes.
+-
+-**Dependencies:** W2–W5. Queue mechanics can use component fixtures, but complete
+-transport/PRE checks use the final scope and lifecycle rules. W6 component tests
+-may construct fixture contexts directly; this does not change production's
+-allocation-before-transport ordering or W6-before-W7 implementation order.
+-
+-**Validation before W7:** fill exactly eight entries, block the ninth and prove
+-space returns on consumption while engines can remain busy. Exercise shared
+-chip queues across Banks and isolation across Rank/Chip identities; multi-chip
+-partial-capacity failure, mismatched heads and atomic consumption; repeated
+-readiness probes; successor credit protected from another enqueue; no partial
+-mutation on failed issue. Exercise multi-chip FIFO progress and avoid deadlock
+-under staggered setup, successor transmission and maintenance arrival.
+-
+-Test initial cold/late setup, an available legal PRE-enqueue, distinct PRE-close
+-and future-target contexts, full queues during setup, and rejection of historical
+-PRE reuse/unnecessary Bank close. Verify T/T+1/T+2 boundaries, exact transport
+-counts, NOT_COPY's target across N, and C/A exclusion of unrelated-Bank ordinary
+-and movement commands at T+1. Confirm all local intervals remain those of W3.
+-Queue-capacity boundary tests may use a fixture with more descriptors than an
+-E=8 request stream naturally exposes; do not change the accepted Q to make a
+-test easy or equate E and Q.
+-
+-**Regressions:** W3 timing and W4/W5 lifecycle/maintenance tests; legacy command
+-cycles, Device timing, LC/GB timing and other-Bank scheduling. If generic bus
+-generation changes, run affected non-DDR multi-cycle/bus tests immediately.
+-
+-**Completion:** descriptor/credit and C/A occupancy have deterministic tested
+-boundaries; no payload state, permanent per-request queue slot, `min(E,Q)`
+-shortcut or implicit persistent-selection Alternative B.
+-
+-**Stop:** honoring mandatory T+1 transport and FIFO drain appears to require
+-different queue ordering, new target lifetime, a different PRE scope or changed
+-local timing. First consumers are queue admission and atomic ACT commit. Present
+-the concrete conflicting trace; do not repair it by changing A/B/C semantics.
++No physical target-delivery step occurs between allocation and activation.
++Remove baseline dependence on per-chip FIFO occupancy, Q=8, descriptor
++preparation, ACT/PRE enqueue/dequeue, initial one-CK target-only setup,
++T+1 transport, T+2 target readiness, or target-specific C/A reservations.
++Preserve ordinary shared command issue and applicable timing; local ACT
++anchors do not shift. Target metadata does not acquire execution ownership.
++
++**Historical / optional fidelity.** The completed Alternative-A/Q=8
++implementation and its verification are recorded in progress above and Git
++history at `0ce6922`. Alternative A was a project mapping of MIMDRAM transport
++onto PRADA activations, not a MIMDRAM-specified PRADA mechanism. It remains
++available for possible sensitivity analysis, not a baseline requirement.
++Current source still contains it; baseline alignment is pending.
++
++**Authority:** T-A; C-T local/shared timing and ACT-overhead rounding;
++C-E allocation/maintenance lifetime; B resolved chip/range identity.
++
++**Inspect/change:** existing W6 queue/setup/successor dependencies in
++`dram/pud_target_queue.*`, Device and controller dispatch, `pud_sequence.*`
++and test-only transport fixtures. Reuse W2/W3 resolved occurrences and W4/W5
++checks. Preserve legacy command-cycle generation, shared issue constraints
++and production trace schemas. No new generic event, pin or bus framework.
++
++**Dependencies:** W2–W5. Component fixtures may construct protected contexts;
++production allocation remains W7 work. This documentation acceptance makes
++no source changes and does not begin W7.
++
++**Validation before W7:** every activation receives its exact resolved row,
++range and occurrence association, across copies/retries, repeated equal ranges,
++multi-destination RowCopy and NOT_COPY across N. Check profile-driven ranges
++including chip boundaries and replacement profiles. Missing/stale/mismatched
++associations fail before mutation; readiness probes remain pure.
++
++Verify a legal cold/late activation needs no target-only setup, successor
++event or queue capacity/readiness. No mat-target transport reserves T+1 or
++blocks otherwise eligible ordinary/movement work; applicable command issue
++and local timing still govern readiness. Preserve W3 local anchors and
++W4/W5 recovery, maintenance and exclusion, including rejected-issue behavior.
++
++**Regressions:** W3 timing and W4/W5 lifecycle/maintenance tests; directly
++affected legacy command-cycle, Device, LC/GB timing and other-Bank scheduling
++tests. Broaden coverage if shared bus/dispatch changes warrant it.
++
++**Completion:** validated resolved-target consumption implements T-A with no
++physical target-transport resource model. Preserve local compute timing and
++independent engine/range ownership. Report omitted transport latency,
++mat-queue stalls and target-delivery C/A contention as fidelity limitations,
++not physically zero costs.
++
++**Stop:** baseline alignment appears to require changed target identity,
++placement, local timing, recovery or exclusion beyond Accepted authority.
++First consumer is occurrence validation/Device issue; present the conflict
++before changing those semantics.
  
-@@ -33,6 +37,9 @@ class DRAMDevice;
-  *
-  * Device registry -- weak --> context (conflict visibility only)
-  * DRAMDevice -- owns --> DRAMNode tree (node.h: conventional/shared state)
-+ * DRAMDevice -- owns --> PuDTargetQueues (pud_target_queue.h: W6 descriptors)
-+ * Controller preparation/issue checks --> Device C/A + atomic queue operations
-+ * Queue and C/A state live beside the context, never inside it.
-  * NO cursor/history/deadline/activated-row shadow state lives in the context.
-  * Request owns sequence/history; Controller owns recovery via delayed completion.
-  */
-@@ -86,16 +93,11 @@ class DRAMDevice {
-   // Timing-only check — hierarchical (walks node tree)
-   bool check_timing(int command, const AddrVec_t& addr_vec, Clk_t clk);
+ ### W7 — First-fit engine allocation and concurrent command arbitration
  
--  // Internal W3 component seam. Callers establish range protection separately;
--  // this creates no engine/allocation, transport or completion ownership. Public
-+  // Internal range construction; this creates no allocation or ownership. Public
-   // v2 submission remains disabled. Descriptors are checked against the current
-   // authoritative Request before any timing/action. Null/foreign associations
-   // and stale descriptors fail; callers must not dispatch divergent Request copies.
-   std::unique_ptr<PuDComputeContext> make_pud_compute_context(const Request& req) const;
--  bool check_pud_timing(const Request& req, const PuDOccurrence& occurrence,
--                        const PuDComputeContext* context, Clk_t clk);
--  void issue_pud_command(Request& req, const PuDOccurrence& occurrence,
--                         PuDComputeContext* context, Clk_t clk);
+@@ -668,13 +664,13 @@ per controller/channel control-unit instance, shared across Banks and Ranks;
+ initial E=8, validation E=2 and E=1 serialized control. On allocation scan
+ pending compute oldest-to-newest and select the first eligible request whose
+ complete range is available and for which an engine is free. Reserve both
+-atomically before waiting for initial ACT/transport. No allocation based on
++atomically before waiting for initial ACT. No allocation based on
+ local command timing readiness; unallocated pending requests own nothing.
  
-   // Non-owning visibility of controller reservations, including pre-ACT and
-   // recovery. Controller release remains the sole lifetime authority.
-@@ -159,6 +161,28 @@ class DRAMDevice {
-   }
+-Enforce W6's production allocation-before-transport ordering: pending requests
+-occupy no mat-target queue entries. Once allocation succeeds, the context may
+-wait for initial target setup, queue capacity, C/A arbitration or local timing
+-while retaining its accepted engine/range ownership.
++Enforce W6's production allocation-before-ACT ordering. Once allocation
++succeeds, the context may wait for shared C/A arbitration or local timing
++while retaining its accepted engine/range ownership. T-A adds no target
++transport or mat-queue waiting.
  
-  private:
-+  friend class ControllerBase;
-+  friend class ::ComputeRangesUnderTest;
-+  friend class ::ComputeLifecycleUnderTest;
-+  friend class PuDConflictUnderTest;
-+  // W6 queue/transport resources are separate from the minimal Device context.
-+  PuDTargetQueues m_pud_targets;
-+  Clk_t m_pud_ca_ready = -1;
-+  Clk_t m_command_ca_ready = -1;
-+  bool pud_ca_available(Clk_t clk) const;
-+  void validate_pud_reservation(const Request& req, const PuDComputeContext* context) const;
-+  bool check_pud_target_setup(const Request& req, const PuDComputeContext* context, Clk_t clk);
-+  void enqueue_pud_initial_target(const Request& req, Clk_t clk);
-+  bool check_pud_timing(const Request& req, const PuDOccurrence& occurrence,
-+                        const PuDComputeContext* context, Clk_t clk);
-+  void issue_pud_command(Request& req, const PuDOccurrence& occurrence,
-+                         PuDComputeContext* context, Clk_t clk);
-+  // W3 local phase/timing seam, also used by isolated W3-W5 component tests.
-+  // Production range issue always goes through the W6 transport check above.
-+  bool check_pud_local_timing(const Request& req, const PuDOccurrence& occurrence,
-+                              const PuDComputeContext* context, Clk_t clk);
-+  void issue_pud_local_command(Request& req, const PuDOccurrence& occurrence,
-+                               PuDComputeContext* context, Clk_t clk);
-   std::vector<std::weak_ptr<PuDComputeContext>> m_protected_compute;
-   void validate_pud_command(const Request& req, const PuDOccurrence& occurrence,
-                             const PuDComputeContext* context) const;
-diff --git a/src/ramulator/dram/pud_location.h b/src/ramulator/dram/pud_location.h
-index a9d27a0..07fbbd2 100644
---- a/src/ramulator/dram/pud_location.h
-+++ b/src/ramulator/dram/pud_location.h
-@@ -15,7 +15,7 @@ struct DRAMSpec;
- namespace PuD {
+ Disjoint ranges within one Bank/subarray may make independent progress.
+ Intersecting ranges conflict even with different operand rows. A Bank cannot
+@@ -682,11 +678,11 @@ allocate another subarray until all existing protected ranges drain. Different
+ Banks share the same E pool, C/A and applicable maintenance/timing limits.
  
- /*
-- * MIMDRAM/PuD v2 source architecture -- W1-W5
-+ * MIMDRAM/PuD v2 source architecture -- W1-W6
-  * Simulator abstractions, not literal 1:1 MIMDRAM hardware blocks.
-  * Paths are relative to src/ramulator/. Unlabeled arrows show data/control use.
-  *
-@@ -105,7 +105,7 @@ namespace PuD {
-  * |                                                        v                         |
-  * |                                            completion/accounting -> callback     |
-  * |                                                                                  |
-- * | Protected resource identity/lifetime exists in W1-W5.                            |
-+ * | Protected resource identity/lifetime exists in W1-W6.                            |
-  * | Production E=8 engine-pool allocation is W7, NOT implemented here.               |
-  * +----------------------------------------------------------------------------------+
-  *                                         |
-@@ -125,11 +125,27 @@ namespace PuD {
-  * | Request owns local history; context owns phase; Controller owns recovery.        |
-  * +----------------------------------------------------------------------------------+
-  *
-+ * +----------------------------------------------------------------------------------+
-+ * | 6. TARGET QUEUES / SHARED C/A                         dram/pud_target_queue.h    |
-+ * |                                                                                  |
-+ * | ProtectedCompute --> Controller preparation/issue --> DRAMDevice                 |
-+ * |                                                        | owns                    |
-+ * |                                                        v                         |
-+ * |                                                  PuDTargetQueues                |
-+ * | Request occurrence + W1 segment_range --> per-(Channel, Rank, Chip) FIFO         |
-+ * | initial PRE/setup --> descriptor --> ACT consumes ready heads atomically         |
-+ * | non-final ACT --> reserved successor at T+1 --> ready at T+2                     |
-+ * |                                                                                  |
-+ * | Device C/A reservation excludes ordinary/movement issue; no local timing graph. |
-+ * | Queue entries retain identity/order/readiness only; NO context shadow state.    |
-+ * +----------------------------------------------------------------------------------+
-+ *
-  * Mental model:
-  * pud_location.h     = WHERE modeled data lives
-  * request.h          = WHAT request + sequence progress
-  * pud_sequence.h     = WHICH occurrence / derived movement view
-  * device.h           = invocation association + Device-side phase
-+ * pud_target_queue.h = WHICH prepared activation target; shared C/A lives in Device
-  * controller_base.h  = WHO owns/protects it and for how long
-  * node.h             = conventional/shared DRAM state
-  */
-diff --git a/src/ramulator/dram/pud_target_queue.cpp b/src/ramulator/dram/pud_target_queue.cpp
-new file mode 100644
-index 0000000..ad45c8c
---- /dev/null
-+++ b/src/ramulator/dram/pud_target_queue.cpp
-@@ -0,0 +1,53 @@
-+#include "ramulator/dram/pud_target_queue.h"
-+
-+#include "ramulator/dram/device.h"
-+
-+namespace Ramulator {
-+
-+bool PuDTargetQueues::can_enqueue(const PuDComputeContext* context, const PuDOccurrence& target) const {
-+  const auto& origin = target.location()->location.origin;
-+  for (const auto& segment : target.locations->resolver->segment_range(origin.mats)) {
-+    const auto it = m_queues.find({origin.channel, origin.rank, segment.chip});
-+    if (it == m_queues.end()) continue;
-+    if (it->second.size() >= capacity) return false;
-+    for (const auto& entry : it->second) {
-+      if (entry.descriptor->context.lock().get() == context &&
-+          entry.descriptor->occurrence.index == target.index) return false;
-+    }
-+  }
-+  return true;
-+}
-+
-+bool PuDTargetQueues::ready(const PuDComputeContext* context, const PuDOccurrence& target, Clk_t clk) const {
-+  const auto& origin = target.location()->location.origin;
-+  for (const auto& segment : target.locations->resolver->segment_range(origin.mats)) {
-+    const auto it = m_queues.find({origin.channel, origin.rank, segment.chip});
-+    if (it == m_queues.end() || it->second.empty()) return false;
-+    const auto& head = it->second.front();
-+    const auto& descriptor = *head.descriptor;
-+    const auto& occurrence = descriptor.occurrence;
-+    if (descriptor.context.lock().get() != context || descriptor.ready_at > clk ||
-+        occurrence.locations != target.locations || occurrence.index != target.index ||
-+        occurrence.command != target.command || occurrence.operand_index != target.operand_index ||
-+        head.segment != segment) return false;
-+  }
-+  return true;
-+}
-+
-+void PuDTargetQueues::enqueue(const std::shared_ptr<PuDComputeContext>& context, const PuDOccurrence& target,
-+                              Clk_t transmit_at, Clk_t ready_at) {
-+  const auto descriptor = std::make_shared<const Descriptor>(Descriptor{context, target, transmit_at, ready_at});
-+  const auto& origin = target.location()->location.origin;
-+  for (const auto& segment : target.locations->resolver->segment_range(origin.mats)) {
-+    m_queues[{origin.channel, origin.rank, segment.chip}].push_back({descriptor, segment});
-+  }
-+}
-+
-+void PuDTargetQueues::consume(const PuDOccurrence& target) {
-+  const auto& origin = target.location()->location.origin;
-+  for (const auto& segment : target.locations->resolver->segment_range(origin.mats)) {
-+    m_queues.at({origin.channel, origin.rank, segment.chip}).pop_front();
-+  }
-+}
-+
-+}  // namespace Ramulator
-diff --git a/src/ramulator/dram/pud_target_queue.h b/src/ramulator/dram/pud_target_queue.h
-new file mode 100644
-index 0000000..f5bd06e
---- /dev/null
-+++ b/src/ramulator/dram/pud_target_queue.h
-@@ -0,0 +1,47 @@
-+#ifndef RAMULATOR_DRAM_PUD_TARGET_QUEUE_H
-+#define RAMULATOR_DRAM_PUD_TARGET_QUEUE_H
-+
-+#include <deque>
-+#include <map>
-+#include <tuple>
-+
-+#include "ramulator/controller/pud_sequence.h"
-+
-+namespace Ramulator {
-+
-+class DRAMDevice;
-+class PuDComputeContext;
-+class PuDConflictUnderTest;
-+
-+// W6 simulator FIFO, not pin-accurate queue circuitry. DRAMDevice owns this
-+// alongside (never inside) PuDComputeContext. Controller protection authorizes
-+// transport; descriptors do not extend execution lifetime or retain payloads.
-+class PuDTargetQueues {
-+ public:
-+  static constexpr size_t capacity = 8;
-+  using Chip = std::tuple<int, int, int>;  // Channel, Rank, Chip; shared across Banks.
-+  struct Descriptor {
-+    std::weak_ptr<PuDComputeContext> context;
-+    PuDOccurrence occurrence;
-+    Clk_t transmit_at;
-+    Clk_t ready_at;
-+  };
-+  struct Entry {
-+    std::shared_ptr<const Descriptor> descriptor;
-+    PuD::MatSegment segment;
-+  };
-+
-+ private:
-+  friend class DRAMDevice;
-+  friend class PuDConflictUnderTest;  // Read-only test snapshots.
-+  std::map<Chip, std::deque<Entry>> m_queues;
-+
-+  bool can_enqueue(const PuDComputeContext* context, const PuDOccurrence& target) const;
-+  bool ready(const PuDComputeContext* context, const PuDOccurrence& target, Clk_t clk) const;
-+  void enqueue(const std::shared_ptr<PuDComputeContext>& context, const PuDOccurrence& target,
-+               Clk_t transmit_at, Clk_t ready_at);
-+  void consume(const PuDOccurrence& target);
-+};
-+
-+}  // namespace Ramulator
-+#endif
-diff --git a/tests/controller_scheduling/GenericDDRController/test_pud_target_transport.py b/tests/controller_scheduling/GenericDDRController/test_pud_target_transport.py
-new file mode 100644
-index 0000000..365109a
---- /dev/null
-+++ b/tests/controller_scheduling/GenericDDRController/test_pud_target_transport.py
-@@ -0,0 +1,400 @@
-+"""W6 transport on real GenericDDR with explicitly pre-reserved W4 contexts."""
-+
-+import pytest
-+
-+from tests.controller_scheduling.GenericDDRController.test_pud_conflicts import (
-+    addr, compute, fixture, movement, scope,
-+)
-+from tests.device_timings.test_pud_compute_ranges import COMMANDS, TIMELINES, TOTALS
-+from tests.unit_tests.test_pud_request_locations import COMPUTE, controller, descriptor, request, synthetic
-+from ramulator._ramulator_test import _PuDConflictUnderTest
-+
-+
-+def entries(d, clk, chip=0, rank=0):
-+    return next((q["entries"] for q in d.targets(clk)["queues"]
-+                 if q["chip"] == [0, rank, chip]), [])
-+
-+
-+def snapshot(d, clk, *ids):
-+    return d.targets(clk), d.shared(), [d.transport_state(i) for i in ids], d.held()
-+
-+
-+def setup(d, source, clk, **kwargs):
-+    d.advance(clk)
-+    before = snapshot(d, clk, source)
-+    for _ in range(3):
-+        assert d.target_setup(source, **kwargs)
-+        assert snapshot(d, clk, source) == before
-+    assert d.target_setup(source, issue=True, **kwargs)
-+
-+
-+def issue(d, source, clk):
-+    d.advance(clk)
-+    before = snapshot(d, clk, source)
-+    for _ in range(3):
-+        assert d.transport_dispatch(source)
-+        assert snapshot(d, clk, source) == before
-+    assert d.transport_dispatch(source, issue=True)
-+
-+
-+def blocked(d, source, clk, preparation=False, **kwargs):
-+    d.advance(clk)
-+    before = snapshot(d, clk, source)
-+    method = d.target_setup if preparation else d.transport_dispatch
-+    for _ in range(3):
-+        assert not method(source, **kwargs)
-+        assert snapshot(d, clk, source) == before
-+    with pytest.raises(RuntimeError, match="not ready"):
-+        method(source, issue=True, **kwargs)
-+    assert snapshot(d, clk, source) == before
-+
-+
-+@pytest.mark.parametrize("name", COMPUTE)
-+@pytest.mark.parametrize("mats", [(0, 0), (15, 16), (0, 127)])
-+def test_exact_transport_counts_boundaries_and_local_anchors(name, mats):
-+    d, r = fixture()
-+    assert d.add(compute(r, name, mats), 1, 0)
-+    blocked(d, 1, 0)  # Allocation does not prepare even the first ACT.
-+    shared = d.shared()
-+    setup(d, 1, 0)
-+    assert d.shared() == shared and d.transport_state(1)["cursor"] == 0
-+    blocked(d, 1, 0)
-+    transports = 0
-+    for index, (relative, command) in enumerate(zip(TIMELINES[name], COMMANDS[name])):
-+        clk = relative + 1
-+        if index:
-+            blocked(d, 1, clk-1)
-+        old_queue = d.targets(clk)["queues"]
-+        issue(d, 1, clk)
-+        if command.startswith("ACT"):
-+            later = [i for i in range(index+1, len(COMMANDS[name])) if COMMANDS[name][i].startswith("ACT")]
-+            if later:
-+                transports += 1
-+                for q in d.targets(clk)["queues"]:
-+                    e, = q["entries"]
-+                    assert (e["index"], e["transmit"], e["ready_at"]) == (later[0], clk+1, clk+2)
-+                    assert e["reserved"] and not e["ready"]
-+                d.advance(clk+1)
-+                for q in d.targets(clk+1)["queues"]:
-+                    assert not q["entries"][0]["reserved"] and not q["entries"][0]["ready"]
-+                d.advance(clk+2)
-+                assert all(q["entries"][0]["ready"] for q in d.targets(clk+2)["queues"])
-+            else:
-+                assert not any(q["entries"] for q in d.targets(clk)["queues"])
-+        elif command == "N":
-+            assert d.targets(clk)["queues"] == old_queue
-+    assert transports == dict(RowCopy=1, MAJ3=2, MAJ5=4, NOT=0, NOT_COPY=1)[name]
-+    assert d.transport_state(1)["history"] == [t+1 for t in TIMELINES[name]]
-+    d.advance(TOTALS[name])
-+    assert d.held() == 1 and d.completions() == []
-+    d.advance(TOTALS[name]+1)
-+    assert d.held() == 0 and d.completions()[0]["depart"]-1 == TOTALS[name]
-+
-+
-+@pytest.mark.parametrize("destinations", [2, 5, 32])
-+@pytest.mark.parametrize("mats", [(0, 0), (15, 16), (0, 127)])
-+def test_rowcopy_successors_even_for_identical_numeric_ranges(destinations, mats):
-+    d, r = fixture()
-+    req = request(r, "RowCopy", [descriptor(10+i, mats) for i in range(destinations+1)])
-+    assert d.add(req, 1, 0)
-+    setup(d, 1, 0)
-+    clocks = [1] + [41+5*i for i in range(destinations+1)]
-+    sent = 0
-+    for clk in clocks:
-+        issue(d, 1, clk)
-+        q = next(iter(d.targets(clk)["queues"]))["entries"]
-+        if q:
-+            assert q[0]["transmit"] == clk+1
-+            sent += 1
-+    assert sent == destinations
-+    d.advance(1+40+5*destinations+16)
-+    assert d.held() == 0
-+
-+
-+def test_exact_eight_ninth_blocked_space_released_while_engines_busy():
-+    d, r = fixture()
-+    for i in range(9):
-+        assert d.add(compute(r, "NOT", (i, i)), i, i)
-+    for i in range(8):
-+        setup(d, i, i)
-+    assert len(entries(d, 8)) == 8 and d.held() == 9
-+    blocked(d, 8, 8, preparation=True)
-+    issue(d, 0, 8)
-+    assert len(entries(d, 8)) == 7 and d.held() == 9
-+    setup(d, 8, 9)
-+    assert len(entries(d, 9)) == 8 and d.held() == 9
-+
-+
-+def test_multi_chip_partial_capacity_and_mismatched_heads_are_atomic():
-+    d, r = fixture()
-+    for i in range(8):
-+        assert d.add(compute(r, "NOT", (16+i, 16+i)), i, i)
-+        setup(d, i, i)
-+    assert d.add(compute(r, "NOT", (15, 16), bank=1), 8, 8)
-+    blocked(d, 8, 8, preparation=True)
-+    assert entries(d, 8, chip=0) == []
-+    blocked(d, 8, 8)  # No descriptors on either chip.
-+    issue(d, 0, 8)
-+    setup(d, 8, 9)
-+    blocked(d, 8, 10)  # Matching chip-0 head cannot consume while chip-1 mismatches.
-+    assert entries(d, 10, chip=0)[0]["source"] == 8
-+    for i in range(1, 8):
-+        issue(d, i, 9+i)
-+    issue(d, 8, 17)
-+    assert entries(d, 17, chip=0) == entries(d, 17, chip=1) == []
-+
-+
-+def test_successor_credit_cannot_be_stolen_at_full_capacity():
-+    d, r = fixture()
-+    for i in range(9):
-+        assert d.add(compute(r, "RowCopy" if i == 0 else "NOT", (i, i)), i, i)
-+    for i in range(8):
-+        setup(d, i, i)
-+    issue(d, 0, 8)
-+    q = entries(d, 8)
-+    assert len(q) == 8 and q[-1]["source"] == 0 and q[-1]["reserved"]
-+    blocked(d, 8, 9, preparation=True)  # Mandatory C/A cycle.
-+    blocked(d, 8, 10, preparation=True)  # Its reserved credit remains occupied.
-+    for i in range(1, 8):
-+        issue(d, i, 9+i)
-+    setup(d, 8, 17)
-+    blocked(d, 0, 47)
-+    issue(d, 0, 48)
-+    assert [e["source"] for e in entries(d, 48)] == [8]
-+
-+
-+def test_queues_shared_across_banks_isolated_across_chips_and_ranks():
-+    d, r = fixture(ranks=4)
-+    for i, (bank, rank, mats) in enumerate([(0, 0, (0, 0)), (1, 0, (0, 0)),
-+                                           (0, 1, (0, 0)), (0, 0, (16, 16))]):
-+        assert d.add(compute(r, "NOT", mats, bank=bank, rank=rank), i, i)
-+        setup(d, i, i)
-+    assert [e["source"] for e in entries(d, 4)] == [0, 1]
-+    blocked(d, 1, 4)
-+    issue(d, 2, 4)
-+    issue(d, 3, 5)
-+    issue(d, 0, 6)
-+    issue(d, 1, 7)
-+
-+
-+@pytest.mark.parametrize("scheduler", ["FRFCFS", "FRFCFS-RowHit"])
-+def test_staggered_multi_chip_fifo_progress_and_maintenance_drain(scheduler):
-+    d, r = fixture(scheduler)
-+    for i, mats in enumerate([(14, 15), (15, 16), (16, 17)]):
-+        assert d.add(compute(r, mats=mats, bank=i), i, i)
-+        setup(d, i, i)
-+    for i in range(3):
-+        issue(d, i, 3+2*i)
-+    d.priority("REFab", scope())
-+    assert not d.start(compute(r, bank=3))
-+    for clk, i in [(43, 0), (45, 1), (47, 2), (48, 0), (50, 1), (52, 2)]:
-+        issue(d, i, clk)
-+    d.advance(67)
-+    assert not d.issued() and d.held() == 1
-+    d.advance(68)
-+    assert d.held() == 0 and [e["command"] for e in d.issued()] == ["REFab"]
-+
-+
-+@pytest.mark.parametrize("late", [0, 37])
-+def test_cold_or_late_setup_does_not_reuse_historical_pre(late):
-+    d, r = fixture()
-+    d.raw("PREpb", addr(), True)  # Earlier PRE knows nothing about the future request.
-+    d.advance(16+late)
-+    assert d.add(compute(r, "NOT"), 1, 0)
-+    blocked(d, 1, 16+late)
-+    setup(d, 1, 16+late)
-+    assert entries(d, 16+late)[0]["transmit"] == 16+late
-+    issue(d, 1, 17+late)
-+
-+
-+def test_useful_conventional_pre_pairs_distinct_bank_target_and_close():
-+    d, r = fixture()
-+    d.raw("ACT", addr(bank=1), True)
-+    assert d.add(compute(r, "NOT"), 1, 0)
-+    blocked(d, 1, 38, preparation=True, pre_command="PREpb", addr=addr(bank=1))
-+    before = d.transport_state(1)
-+    setup(d, 1, 39, pre_command="PREpb", addr=addr(bank=1))
-+    assert d.transport_state(1) == before
-+    e, = entries(d, 39)
-+    assert e["external"][3] == 0 and e["ready_at"] == 40
-+    assert not d.probe("ACT", "ACT", addr(bank=1))["issue"]
-+    issue(d, 1, 40)
-+    d.advance(55)
-+    assert d.probe("ACT", "ACT", addr(bank=1))["issue"]
-+
-+
-+def test_range_pre_prepares_disjoint_context_without_reset_or_recovery_shift():
-+    d, r = fixture()
-+    assert d.add(compute(r, "NOT", (0, 0)), 1, 0)
-+    assert d.add(compute(r, "MAJ3", (1, 1)), 2, 1)
-+    setup(d, 1, 0)
-+    issue(d, 1, 1)
-+    issue(d, 1, 41)
-+    blocked(d, 2, 83, preparation=True, close_source=1)
-+    setup(d, 2, 84, close_source=1)
-+    assert d.transport_state(1)["phase"] == 3 and d.transport_state(2)["phase"] == 0
-+    assert d.transport_state(1)["history"] == [1, 41, 84]
-+    issue(d, 2, 85)  # Does not inherit the other range's PRE + nRP.
-+    assert d.transport_state(1)["phase"] == 3
-+    d.advance(100)
-+    assert d.completions()[0]["depart"] == 100
-+
-+
-+@pytest.mark.parametrize("pre", ["PREpb", "PREab"])
-+def test_no_unnecessary_bank_close_or_protected_scope_pre(pre):
-+    d, r = fixture()
-+    assert d.add(compute(r, "NOT"), 1, 0)
-+    target = addr(bank=1) if pre == "PREpb" else scope(rank=1)
-+    if pre == "PREab":
-+        d, r = fixture(ranks=4)
-+        assert d.add(compute(r, "NOT"), 1, 0)
-+    blocked(d, 1, 0, preparation=True, pre_command=pre, addr=target)  # Empty close scope.
-+    blocked(d, 1, 0, preparation=True, pre_command=pre,
-+            addr=addr() if pre == "PREpb" else scope())  # Protected scope.
-+    setup(d, 1, 0)
-+
-+
-+def test_maintenance_arrival_rejects_pre_pair_before_mutation_but_allocation_drains():
-+    d, r = fixture()
-+    d.raw("ACT", addr(bank=1), True)
-+    assert d.add(compute(r, "NOT"), 1, 0)
-+    d.advance(39)
-+    assert d.target_setup(1, pre_command="PREpb", addr=addr(bank=1))
-+    d.priority("REFab", scope())
-+    blocked(d, 1, 39, preparation=True, pre_command="PREpb", addr=addr(bank=1))
-+    # The waiting maintenance cannot strand its already allocated blocker.
-+    setup(d, 1, 39)
-+    for clk in [40, 80, 123]:
-+        issue(d, 1, clk)
-+    d.advance(139)
-+    assert d.held() == 0 and [e["command"] for e in d.issued()] == ["PREab"]
-+    d.advance(155)
-+    assert [e["command"] for e in d.issued()] == ["PREab", "REFab"]
-+
-+
-+def test_no_unallocated_request_can_prepare_targets():
-+    d, r = fixture()
-+    before = snapshot(d, 0)
-+    for mutate in [False, True]:
-+        with pytest.raises(RuntimeError, match="protected compute context"):
-+            d.unallocated_setup(compute(r), mutate)
-+        assert snapshot(d, 0) == before
-+
-+
-+@pytest.mark.parametrize("command", ["ACT", "ACT_MOV"])
-+def test_mandatory_successor_slot_excludes_other_bank_command_and_failed_issue(command):
-+    d, r = fixture()
-+    assert d.add(compute(r), 1, 0)
-+    setup(d, 1, 0)
-+    issue(d, 1, 1)
-+    d.advance(2)
-+    before = snapshot(d, 2, 1)
-+    assert not d.probe(command, command, addr(bank=1))["issue"]
-+    with pytest.raises(RuntimeError, match="C/A reserved"):
-+        d.raw(command, addr(bank=1), True)
-+    assert snapshot(d, 2, 1) == before
-+    d.advance(3)
-+    assert d.probe(command, command, addr(bank=1))["issue"]
-+
-+
-+@pytest.mark.parametrize("name", ["LC-MOV", "GB-MOV"])
-+@pytest.mark.parametrize("scheduler", ["FRFCFS", "FRFCFS-RowHit"])
-+def test_scheduled_movement_competes_for_ca_without_compute_queue_tokens(name, scheduler):
-+    d, r = fixture(scheduler)
-+    assert d.add(compute(r), 1, 0)
-+    setup(d, 1, 0)
-+    issue(d, 1, 1)
-+    d.movement(movement(r, name, bank=1), 2)
-+    d.advance(2)
-+    assert not d.issued()
-+    d.advance(3)
-+    assert [(e["command"], e["clk"]) for e in d.issued()] == [("ACT_MOV", 3)]
-+    assert {e["source"] for q in d.targets(3)["queues"] for e in q["entries"]} == {1}
-+    for clk in [41, 46]:
-+        issue(d, 1, clk)
-+    total = 130 if name == "LC-MOV" else 75
-+    d.advance(3+total)
-+    event = next(e for e in d.completions() if e["source"] == 2)
-+    assert event["depart"] == 3+total
-+
-+
-+def test_nonidentity_profile_supplies_chip_and_local_range():
-+    r, config = synthetic()
-+    d = _PuDConflictUnderTest(controller(config, mapper="PassThroughAddrMapper"))
-+    assert d.add(compute(r, "NOT_COPY", (7, 8)), 1, 0)
-+    setup(d, 1, 0)
-+    assert [q["entries"][0]["segment"] for q in d.targets(0)["queues"]] == [[0, 7, 7], [1, 0, 0]]
-+    for clk in [1, 41, 84, 89]:
-+        issue(d, 1, clk)
-+    d.advance(105)
-+    assert d.held() == 0
-+
-+
-+def test_full_multi_chip_queue_prevents_pre_close_and_reserves_successor_credit():
-+    d, r = fixture()
-+    d.raw("ACT", addr(bank=3, bg=3), True)
-+    for i in range(9):
-+        assert d.add(compute(r, "RowCopy" if i == 0 else "NOT", (15, 16),
-+                             bank=i % 4, bg=i // 4), i, i)
-+    for i in range(8):
-+        setup(d, i, 1+i)
-+    blocked(d, 8, 39, preparation=True, pre_command="PREpb", addr=addr(bank=3, bg=3))
-+    issue(d, 0, 39)
-+    for chip in (0, 1):
-+        q = entries(d, 39, chip=chip)
-+        assert len(q) == 8 and q[-1]["source"] == 0 and q[-1]["reserved"]
-+    blocked(d, 8, 40, preparation=True)
-+    blocked(d, 8, 41, preparation=True)
-+    issue(d, 1, 41)
-+    setup(d, 8, 42, pre_command="PREpb", addr=addr(bank=3, bg=3))
-+    assert all(len(entries(d, 42, chip=chip)) == 8 for chip in (0, 1))
-+
-+
-+def test_repeated_setup_and_same_cycle_ordinary_issue_cannot_mutate_queue():
-+    d, r = fixture()
-+    assert d.add(compute(r), 1, 0)
-+    d.raw("ACT", addr(bank=1), True)
-+    blocked(d, 1, 0, preparation=True)
-+    setup(d, 1, 1)
-+    blocked(d, 1, 2, preparation=True)  # Exact invocation/occurrence already queued.
-+    issue(d, 1, 2)
-+
-+
-+def test_range_pre_pair_during_maintenance_drain():
-+    d, r = fixture()
-+    for i in (0, 1):
-+        assert d.add(compute(r, "NOT", (i, i)), i, i)
-+    setup(d, 0, 0)
-+    issue(d, 0, 1)
-+    issue(d, 0, 41)
-+    d.priority("REFab", scope())
-+    setup(d, 1, 84, close_source=0)
-+    for clk in (85, 125, 168):
-+        issue(d, 1, clk)
-+    d.advance(184)
-+    assert d.held() == 0 and [e["command"] for e in d.issued()] == ["REFab"]
-+
-+
-+@pytest.mark.parametrize("scheduler", ["FRFCFS", "FRFCFS-RowHit"])
-+def test_scheduled_ordinary_command_waits_for_successor_ca_cycle(scheduler):
-+    d, r = fixture(scheduler)
-+    assert d.add(compute(r), 1, 0)
-+    setup(d, 1, 0)
-+    issue(d, 1, 1)
-+    d.send(0, addr(bank=1), 2)
-+    d.advance(2)
-+    assert not d.issued()
-+    d.advance(3)
-+    assert [(e["command"], e["clk"]) for e in d.issued()] == [("ACT", 3)]
-+
-+
-+def test_useful_rank_pre_preserves_distinct_rank_recovery():
-+    d, r = fixture(ranks=4)
-+    d.raw("ACT", addr(rank=1), True)
-+    assert d.add(compute(r, "NOT"), 1, 0)
-+    setup(d, 1, 39, pre_command="PREab", addr=scope(rank=1))
-+    issue(d, 1, 40)
-+    d.advance(54)
-+    assert not d.probe("ACT", "ACT", addr(rank=1))["issue"]
-+    d.advance(55)
-+    assert d.probe("ACT", "ACT", addr(rank=1))["issue"]
-diff --git a/tests/utils/pud_request_harness.h b/tests/utils/pud_request_harness.h
-index e6ff289..24aee98 100644
---- a/tests/utils/pud_request_harness.h
-+++ b/tests/utils/pud_request_harness.h
-@@ -238,10 +238,10 @@ class ComputeRangesUnderTest {
-     // A second Device rejects a context minted by the first before any access.
-     DRAMDevice other;
-     auto& target = foreign_device ? other : device;
--    const bool ready = target.check_pud_timing(req, occurrence, context, clk) && clk > last_shared_issue;
-+    const bool ready = target.check_pud_local_timing(req, occurrence, context, clk) && clk > last_shared_issue;
-     if (!issue) return ready;
-     if (!ready) throw std::logic_error("Compute range timing not ready (fixture C/A issue slot)");
--    target.issue_pud_command(req, occurrence, context, clk);
-+    target.issue_pud_local_command(req, occurrence, context, clk);
-     last_shared_issue = clk;
-     // Exercise Request relocation after every action, retaining one cursor.
-     Request copied = req;
-@@ -375,7 +375,7 @@ class ComputeLifecycleUnderTest : public ControllerBase {
-       throw std::logic_error("fixture C/A slot occupied");
-     }
-     it->command = occurrence.command;
--    m_device.issue_pud_command(*it, occurrence, &context, m_clk);
-+    m_device.issue_pud_local_command(*it, occurrence, &context, m_clk);
-     last_issue = clk;
-     if (occurrence.terminal) {
-       // Diagnostic fixture only: distinguish issue time from retirement time.
-@@ -526,7 +526,7 @@ class PuDConflictUnderTest {
-     if (!ctrl->is_pud_eligible_before_prerequisite(req)) throw std::logic_error("fixture compute blocked");
-     const auto occ = describe_pud_occurrence(req, req.occurrence_index, *ctrl->m_device.m_spec);
-     req.command = occ.command;
--    ctrl->m_device.issue_pud_command(req, occ, &ctrl->protected_pud_context(req), clk);
-+    ctrl->m_device.issue_pud_local_command(req, occ, &ctrl->protected_pud_context(req), clk);
-     last_issue = clk;
-     if (occ.terminal) {
-       ReqBuffer retiring;
-@@ -620,7 +620,89 @@ class PuDConflictUnderTest {
-   nb::dict stats() { ctrl->update_stats(); return nb::cast<nb::dict>(confignode_to_py(ctrl->IController::collect_stats())); }
-   void capacity(size_t active) { ctrl->m_active_buffer.max_size = active; }
+ Keep allocation separate from command arbitration. Use W5's before-prerequisite
+-eligibility and final issue checks, W3's context-local readiness and W6's atomic
+-target/C/A readiness. Already allocated continuations keep active precedence;
+-preserve priority FIFO and ordinary/movement arbitration. A timing-blocked
+-context must not monopolize shared issue. The T+1 transport obligation must
+-survive refresh/plugin arrival and candidate reselection. Avoid reserving
++eligibility and final issue checks, W3's context-local readiness and W6's
++resolved-target validation with shared command-issue readiness. Already
++allocated continuations keep active precedence; preserve priority FIFO and
++ordinary/movement arbitration. A timing-blocked
++context must not monopolize shared issue. Avoid reserving
+ resources as a side effect of FRFCFS/FRFCFSRowHit readiness probes.
  
-+  // W6 uses the production mechanics with explicit W4 fixture reservations.
-+  // No test-side bus gate, transport clock, queue mutation or allocation policy.
-+  bool transport_dispatch(int source, bool issue) {
-+    auto& req = compute.at(source);
-+    if (!issue) return ctrl->check_pud_compute_issue(req);
-+    const auto occurrence = describe_pud_occurrence(req, req.occurrence_index, *ctrl->m_device.m_spec);
-+    ctrl->issue_pud_compute(req);
-+    last_issue = ctrl->m_clk;
-+    if (occurrence.terminal) retire_transport(req);
-+    return true;
-+  }
-+  bool target_setup(int source, bool issue, int close_source,
-+                    const std::string& pre_command, const AddrVec_t& addr) {
-+    std::optional<Request> conventional;
-+    Request* pre = nullptr;
-+    if (close_source >= 0) pre = &compute.at(close_source);
-+    else if (!pre_command.empty()) {
-+      int command = ctrl->m_device.m_spec->get_command_id(pre_command);
-+      conventional.emplace(addr, Request::Cmd, command);
-+      conventional->command = command;
-+      pre = &*conventional;
-+    }
-+    auto& req = compute.at(source);
-+    if (!issue) return ctrl->check_pud_target_preparation(req, pre);
-+    ctrl->prepare_pud_target(req, pre);
-+    last_issue = ctrl->m_clk;
-+    if (close_source >= 0) retire_transport(*pre);
-+    return true;
-+  }
-+  bool unallocated_setup(Request req, bool issue) {
-+    initialize_pud_sequence(req, *ctrl->m_device.m_spec);
-+    if (!issue) return ctrl->check_pud_target_preparation(req);
-+    ctrl->prepare_pud_target(req);
-+    return true;
-+  }
-+  nb::dict transport_state(int source) const {
-+    auto out = located_snapshot(compute.at(source), false);
-+    const auto context = compute.at(source).pud_compute_context.lock();
-+    out["phase"] = context ? static_cast<int>(context->phase()) : -1;
-+    return out;
-+  }
-+  nb::dict targets(Clk_t clk) const {
-+    nb::dict out;
-+    nb::list queues;
-+    const auto& device = ctrl->m_device;
-+    for (const auto& [chip, queue] : device.m_pud_targets.m_queues) {
-+      nb::dict q;
-+      q["chip"] = std::vector<int>{std::get<0>(chip), std::get<1>(chip), std::get<2>(chip)};
-+      nb::list entries;
-+      for (const auto& entry : queue) {
-+        const auto& d = *entry.descriptor;
-+        nb::dict e;
-+        int source = -1;
-+        for (const auto& [id, req] : compute) {
-+          if (req.pud_compute_context.lock() == d.context.lock()) source = id;
-+        }
-+        e["source"] = source;
-+        e["index"] = d.occurrence.index;
-+        e["operand"] = d.occurrence.operand_index;
-+        e["external"] = d.occurrence.location()->external;
-+        e["segment"] = std::vector<int>{entry.segment.chip, entry.segment.first_local_mat, entry.segment.last_local_mat};
-+        e["transmit"] = d.transmit_at;
-+        e["ready_at"] = d.ready_at;
-+        e["reserved"] = clk < d.transmit_at;
-+        e["ready"] = clk >= d.ready_at;
-+        entries.append(e);
-+      }
-+      q["entries"] = entries;
-+      queues.append(q);
-+    }
-+    out["queues"] = queues;
-+    out["ca_ready"] = device.m_pud_ca_ready;
-+    out["command_ca_ready"] = device.m_command_ca_ready;
-+    return out;
-+  }
-+
-  private:
-+  void retire_transport(Request& req) {
-+    ReqBuffer retiring;
-+    retiring.enqueue(req);
-+    auto it = retiring.begin();
-+    ctrl->retire_request(it, retiring);
-+  }
-   static nb::dict movement_snapshot(const Request& req) {
-     auto out = located_snapshot(req, false);
-     auto state = describe_pud_movement_state(req);
-@@ -658,7 +740,13 @@ inline void bind_pud_request_harness(nb::module_& m) {
-       .def("completions", &PuDConflictUnderTest::completions)
-       .def("held", &PuDConflictUnderTest::held)
-       .def("stats", &PuDConflictUnderTest::stats)
--      .def("capacity", &PuDConflictUnderTest::capacity);
-+      .def("capacity", &PuDConflictUnderTest::capacity)
-+      .def("transport_dispatch", &PuDConflictUnderTest::transport_dispatch, nb::arg("source"), nb::arg("issue") = false)
-+      .def("target_setup", &PuDConflictUnderTest::target_setup, nb::arg("source"), nb::arg("issue") = false,
-+           nb::arg("close_source") = -1, nb::arg("pre_command") = "", nb::arg("addr") = AddrVec_t{})
-+      .def("unallocated_setup", &PuDConflictUnderTest::unallocated_setup)
-+      .def("transport_state", &PuDConflictUnderTest::transport_state)
-+      .def("targets", &PuDConflictUnderTest::targets);
-   nb::class_<ComputeLifecycleUnderTest>(m, "_ComputeLifecycleUnderTest")
-       .def(nb::init<nb::dict>())
-       .def("add", &ComputeLifecycleUnderTest::add, nb::arg("req"), nb::arg("source"),
+ **Authority:** C-E resources/admission/precedence and engine scope; C-T shared
+@@ -699,7 +695,7 @@ implementations and test harness. Reuse the shared request-count queue and
+ candidate machinery where compatible, without replacing ordinary scheduling.
+ 
+ **Dependencies:** W3–W6 complete, plus W2 request lifetime. Inspect the exact
+-tick ordering of completion release, refresh generation, allocation, transport
++tick ordering of completion release, refresh generation, allocation
+ and arbitration before wiring them together; document any non-trivial design
+ choice according to AGENTS.md without treating it as a reopened Gate.
+ 
+@@ -712,19 +708,19 @@ compute even across Banks; E=2/E=8 enforce capacity including pre-ACT waits
+ and recovery; a ninth eligible request at E=8 waits for actual release. Pool
+ scope spans multiple Banks/Ranks and movement uses no compute slot.
+ 
+-Verify unallocated pending requests enqueue no target descriptors, and allocated
+-contexts retain engine/range ownership throughout initial-transport waiting.
++Verify unallocated pending requests own no execution resources, and allocated
++contexts retain engine/range ownership throughout pre-first-ACT waiting.
+ 
+ First-fit fixture: older A holds a range; oldest pending B conflicts with A;
+ younger C fits a disjoint range; still younger D also fits. With one free
+ engine C allocates first, B remains pending/unowned, and D waits for capacity.
+ After A recovers, B precedes younger eligible work. Also show an oldest
+-range-eligible compute may allocate despite its ACT being timing/target blocked;
++range-eligible compute may allocate despite its ACT being timing blocked;
+ allocation order is not oldest-ready command order. Use deterministic existing
+ queue order for equal ages and test both configured schedulers.
+ 
+ Recheck exclusion before prerequisites and after policy/plugin changes. Include
+-other-Bank work during local gaps, next-cycle transport contention, multiple
++other-Bank work during local gaps, shared command-issue contention, multiple
+ simultaneous recoveries, active-buffer capacity/backpressure and callback reuse
+ of a just-released engine. Pending capacity must not become an undocumented
+ compute-engine limit. Keep command issue at one shared C/A action per tick.
+@@ -735,8 +731,8 @@ controller-scheduling suite, including HBM/GDDR users, now; record results for
+ closure instead of automatically repeating unchanged coverage per unit.
+ 
+ **Completion:** real allocation and command issue demonstrate MIMD with fully
+-coherent state, transport, recovery and exclusion. No legacy ownership predicate
+-or Bank compute history silently serializes v2 disjoint progress.
++coherent state, resolved targets, recovery and exclusion. No legacy ownership
++predicate or Bank compute history silently serializes v2 disjoint progress.
+ 
+ **Stop:** integration requires changing engine scope/release, allocation policy,
+ subarray concurrency or existing mixed-traffic arbitration beyond C-E. First
+@@ -759,17 +755,20 @@ v2 configurations must use B's profile-backed mapping/origins instead of
+ silently treating those legacy vectors as placements. No arithmetic macro is
+ needed: use independent primitives and callback-submitted dependent primitives.
+ 
+-Report profile, E/Q, primitive/range identity, arrival, first ACT, issued
+-occurrences, terminal PRE and recovery/departure. Distinguish local execution
+-anchors, initial setup and observed waiting/contention; terminal nRP is already
+-included in primitive totals. Test-only observation can expose allocation,
+-target transport and context identity. Existing production command traces lack
+-unique request/range/transport reconstruction; do not infer arbitrary concurrent
+-histories from them or require a new trace schema. Deliberately unique source
++Report profile, E, the T-A transport abstraction, primitive/range identity,
++arrival, first ACT, issued occurrences, terminal PRE and recovery/departure.
++Distinguish local execution anchors and observed waiting/contention; terminal
++nRP is already included in primitive totals. State that transport latency,
++mat-queue stalls and target-delivery C/A contention are omitted, not physically
++zero. Test-only observation can expose allocation and resolved context identity.
++Existing production command traces lack unique request/range reconstruction;
++do not infer arbitrary concurrent histories from them or require a new trace
++schema. Deliberately unique source
+ IDs can identify commands in these controlled benchmarks.
+ 
+ **Authority:** A experiment/scope and dependency boundary; B profile/consumer
+-contract; C-E lifecycle/accounting/functional split; C-T latency accounting.
++contract; C-E lifecycle/accounting/functional split; C-T latency accounting;
++T-A transport abstraction and fidelity limits.
+ 
+ **Inspect/change:** Python v2 configuration/capability and generated registration;
+ GenericDRAM/GenericDDR public ingress; `examples/ddr4_pud_microbenchmark.cpp`,
+@@ -782,11 +781,12 @@ do not create additional persistent documents without authorization.
+ 
+ **Validation before W9:** normal-path uncontended 61/66/76/99/104 CK local
+ anchors, multi-destination 40+5D+16, several range widths, and LC/GB 130/75.
+-Verify setup/queue/arbitration waiting increases request latency when expected
+-without shifting local anchors when transport fits. Reproduce same-operation
+-and heterogeneous overlap with E=2/E=8 and serialization with E=1; movement
++Verify engine/range and arbitration waiting increases request latency when
++expected without adding physical target-transport costs or shifting local
++anchors. Reproduce same-operation and heterogeneous overlap with E=2/E=8
++and serialization with E=1; movement
+ blocked through compute recovery; longer AllBank-refresh mixed traffic drains
+-without stale contexts or descriptors. A dependent primitive is submitted only
++without stale contexts. A dependent primitive is submitted only
+ after all required producer callbacks; submission order alone is not an oracle.
+ 
+ Confirm acceptance once after successful enqueue, completion/latency and moved
+@@ -816,7 +816,7 @@ another implementation Phase or an automatic commit. One fresh-context audit
+ is justified by context-aware Device dispatch, scheduler integration and
+ reentrant recovery release; no audit is required after every small unit.
+ 
+-**Authority:** A/B/C-E/C-T; AGENTS.md risk-tiered review rules.
++**Authority:** A/B/C-E/C-T/T-A; AGENTS.md risk-tiered review rules.
+ 
+ **Inspect:** full main-to-implementation diff, generated files and test seams;
+ all changed call sites of prerequisites, timing, issue, close, completion,
+@@ -832,8 +832,9 @@ only if their covered source has not changed; fixes require affected reruns.
+   boundaries and absence of state/resource mutation on rejected actions.
+ - Verify common resolver consumption, no formula copies in operation code,
+   copy/retry lifetime, no Bank-global target, no duplicate local/Bank timing,
+-  and no surviving engines/ranges/queue entries or completion references after
+-  drain. Review full maintenance scopes and callback reentrancy explicitly.
++  no physical target-transport resource dependence, and no surviving
++  engines/ranges or completion references after drain. Review full maintenance
++  scopes and callback reentrancy explicitly.
+ - Regenerate/build from source and run v2 tests, all relevant DDR4/PuD/movement
+   Device and GenericDDR tests, both legacy benchmarks and v2 scenarios. Run
+   broader shared-infrastructure suites at the level warranted below.
+@@ -885,7 +886,7 @@ return the modeling question to the user before changing semantics.
+ ## Planning self-review and blockers
+ 
+ - A/B/C are treated as fixed authority. No historical gate or unresolved
+-  physical-wiring question is used to reopen accepted scope, FIFO transport,
++  physical-wiring question is used to reopen accepted scope, T-A's abstraction,
+   engine release, same-subarray concurrency or geometry.
+ - All CellID/footprint work is identity-only. No functional storage/interpreter,
+   ADD/MUL, GEMV, reduction/host-combination implementation is scheduled.
+@@ -893,8 +894,8 @@ return the modeling question to the user before changing semantics.
+   delayed-completion boundaries. Generic hierarchy, scheduling, event systems,
+   trace formats and physical queue replicas are not independent goals.
+ - Ordering puts location identity before consumers, local state/timing before
+-  recovery and exclusion, and all of those plus transport before allocation
+-  and public overlap. Mixed-traffic safety is part of the coherent execution
++  recovery and exclusion, and all of those plus resolved-target consumption
++  before allocation and public overlap. Mixed-traffic safety is part of the coherent execution
+   Phase, not cleanup after enabling MIMD.
+ - No genuine blocker prevents planning from the Accepted decisions. Concrete
+   C++ packaging/retention and integration details remain bounded implementation
+@@ -902,5 +903,8 @@ return the modeling question to the user before changing semantics.
+   reveals one, follow the explicit stop conditions rather than being decided
+   by this plan.
+ 
+-This documentation task changes only this plan. No source, Accepted decision,
+-or AGENTS.md change and no implementation/test execution is part of its creation.
++The original plan-creation task changed only this plan. The 2026-09-09
++transport-abstraction update records T-A, narrowly updates C-T and this plan,
++and leaves code, source references, AGENTS.md and W7 execution unchanged.
++W6 baseline alignment is the next implementation work; it is not performed
++or runtime-tested by this documentation update.
diff --git a/src/ramulator/controller/controller_base.cpp b/src/ramulator/controller/controller_base.cpp
index 58eaf69..5f06945 100644
--- a/src/ramulator/controller/controller_base.cpp
+++ b/src/ramulator/controller/controller_base.cpp
@@ -361,7 +361,7 @@ bool ControllerBase::pud_compute_start_eligible(const Request& req) const {
   if (!m_priority_buffer.buffer.empty() || !is_pud_eligible_before_prerequisite(req)) return false;
   const int bank_id = m_device.get_flat_bank_id(req.operands.front());
   const auto* bank = m_device.m_bank_nodes[bank_id];
-  // Ordinary active work drains before any preparation or reservation. V2
+  // Ordinary active work drains before compute reservation. V2
   // ranges are separate and do not make conventional Bank state Opened.
   for (const auto& active : m_active_buffer.buffer) {
     if (active.pud_locations && is_inherited_pud_request_type(active.type_id)) continue;
@@ -407,57 +407,11 @@ bool ControllerBase::check_pud_compute_issue(const Request& req) {
 }
 
 void ControllerBase::issue_pud_compute(Request& req) {
-  if (!check_pud_compute_issue(req)) throw std::logic_error("Compute target/transport or local timing not ready");
+  if (!check_pud_compute_issue(req)) throw std::logic_error("Compute issue timing or eligibility not ready");
   const auto occurrence = describe_pud_occurrence(req, req.occurrence_index, *m_device.m_spec);
   m_device.issue_pud_command(req, occurrence, &protected_pud_context(req), m_clk);
 }
 
-bool ControllerBase::check_pud_target_preparation(const Request& req, const Request* preceding_pre) {
-  const auto& context = protected_pud_context(req);
-  // Allocated contexts must still drain after maintenance arrives. In
-  // particular, hybrid setup cannot be suppressed merely by a priority head
-  // waiting for this very reservation. Check any proposed PRE independently.
-  if (!is_pud_eligible_before_prerequisite(req) ||
-      !m_device.check_pud_target_setup(req, &context, m_clk)) return false;
-  if (!preceding_pre) return true;
-  const auto& pre = *preceding_pre;
-  const auto& spec = *m_device.m_spec;
-  if (pre.pud_locations && is_inherited_pud_request_type(pre.type_id)) {
-    // A real terminal range PRE is useful, and closes only its own invocation.
-    const auto occurrence = describe_pud_occurrence(pre, pre.occurrence_index, spec);
-    return occurrence.terminal && check_pud_compute_issue(pre);
-  }
-  if (pre.command < 0 || pre.command >= spec.command_count) return false;
-  const auto& name = spec.command_names[pre.command];
-  if (name != "PREpb" && name != "PREab") return false;
-  const bool movement_owner = is_movement_request_type(pre.type_id) && describe_pud_movement_state(pre).owns_bank;
-  if (!m_priority_buffer.buffer.empty() && &pre != &m_priority_buffer.buffer.front() && !movement_owner) return false;
-  // Recheck W5 before prerequisites or mutation, including queued maintenance
-  // policy changes. An empty Bank PRE is never inserted just to carry a target.
-  if (!is_pud_eligible_before_prerequisite(pre) || (!movement_owner && would_close_active(pre)) ||
-      !validate_request_for_issue(pre)) return false;
-  bool useful = false;
-  m_device.for_each_target_bank(pre.command, pre.addr_vec, [&](int bank) {
-    const auto* node = m_device.m_bank_nodes[bank];
-    useful |= !node->m_row_state.empty() || node->m_state != spec.get_state_id("Closed");
-  });
-  return useful;
-}
-
-void ControllerBase::prepare_pud_target(const Request& req, Request* preceding_pre) {
-  if (!check_pud_target_preparation(req, preceding_pre)) {
-    throw std::logic_error("Initial target preparation not ready");
-  }
-  if (preceding_pre) {
-    auto& pre = *preceding_pre;
-    if (pre.pud_locations && is_inherited_pud_request_type(pre.type_id)) issue_pud_compute(pre);
-    else m_device.issue_command(pre.command, pre.addr_vec, m_clk);
-  }
-  // A hybrid setup has only C/A + target-queue effects. A paired PRE already
-  // performed its own close/recovery above, using the same single C/A cycle.
-  m_device.enqueue_pud_initial_target(req, m_clk);
-}
-
 ControllerBase::ProtectedCompute& ControllerBase::protected_pud_record(const Request& req) {
   const auto* context = &protected_pud_context(req);
   return *std::find_if(m_protected_compute.begin(), m_protected_compute.end(),
diff --git a/src/ramulator/controller/controller_base.h b/src/ramulator/controller/controller_base.h
index 87bb6d4..e1f64c9 100644
--- a/src/ramulator/controller/controller_base.h
+++ b/src/ramulator/controller/controller_base.h
@@ -45,7 +45,7 @@ class PuDConflictUnderTest;
  * Delayed completion owns depart = terminal Request timestamp + nRP and releases
  * protection before accounting/callback.
  * W1-W6 retain protected resource identity/lifetime via explicit reservations.
- * W6 preparation/issue --> Device target queues + shared C/A (pud_target_queue.h).
+ * Compute issue --> Device consumes the current resolved occurrence (device.h).
  * Production E=8 engine-pool allocation is W7 and is not implemented here yet.
  */
 
@@ -152,10 +152,6 @@ class ControllerBase : public IController, public Implementation {
 
   // W6 mechanics for explicitly allocated contexts. W7 will select callers;
   // these methods neither allocate engines nor select/schedule pending work.
-  // A paired PRE is issued now, with its own scope. The caller retains normal
-  // retirement/notification handling for that PRE's Request.
-  bool check_pud_target_preparation(const Request& req, const Request* preceding_pre = nullptr);
-  void prepare_pud_target(const Request& req, Request* preceding_pre = nullptr);
   bool check_pud_compute_issue(const Request& req);
   void issue_pud_compute(Request& req);
 
diff --git a/src/ramulator/controller/pud_sequence.cpp b/src/ramulator/controller/pud_sequence.cpp
index ee31425..b9bd694 100644
--- a/src/ramulator/controller/pud_sequence.cpp
+++ b/src/ramulator/controller/pud_sequence.cpp
@@ -161,20 +161,6 @@ void initialize_pud_sequence(Request& req, const DRAMSpec& spec) {
   configure_pud_occurrence(req, spec);
 }
 
-bool is_pud_activation(const PuDOccurrence& occurrence, const DRAMSpec& spec) {
-  const auto& command = spec.command_names.at(occurrence.command);
-  return command == "ACT_PUD_OC" || command == "ACT_PUD_S_OC" ||
-         command == "ACT_PUD" || command == "ACT_PUD_S";
-}
-
-std::optional<PuDOccurrence> next_pud_activation(const Request& req, size_t after, const DRAMSpec& spec) {
-  for (size_t i = after + 1; i < get_pud_sequence_length(req); ++i) {
-    auto occurrence = describe_pud_occurrence(req, i, spec);
-    if (is_pud_activation(occurrence, spec)) return occurrence;
-  }
-  return std::nullopt;
-}
-
 PuDOccurrenceAdvance observe_pud_command_issue(Request& req, int issued_command, Clk_t clk, const DRAMSpec& spec) {
   if (issued_command != req.final_command) {
     return PuDOccurrenceAdvance::NotIssued;
diff --git a/src/ramulator/controller/pud_sequence.h b/src/ramulator/controller/pud_sequence.h
index 2e6b44e..bb2502c 100644
--- a/src/ramulator/controller/pud_sequence.h
+++ b/src/ramulator/controller/pud_sequence.h
@@ -3,7 +3,6 @@
 
 #include <array>
 #include <cstddef>
-#include <optional>
 
 #include "ramulator/base/request.h"
 
@@ -17,7 +16,7 @@ class DRAMSpec;
  *                  v
  *        +-------------------------+
  *        | PuDOccurrence           | <-- YOU ARE HERE
- *        | current descriptor/view |
+ *        | current occurrence view |
  *        +------------+------------+
  *                     |
  *                     v
@@ -80,8 +79,6 @@ using PuDMovementTimingConstraints =
 
 size_t get_pud_sequence_length(const Request& req);
 PuDOccurrence describe_pud_occurrence(const Request& req, size_t occurrence_index, const DRAMSpec& spec);
-bool is_pud_activation(const PuDOccurrence& occurrence, const DRAMSpec& spec);
-std::optional<PuDOccurrence> next_pud_activation(const Request& req, size_t after, const DRAMSpec& spec);
 void initialize_pud_sequence(Request& req, const DRAMSpec& spec);
 PuDOccurrenceAdvance observe_pud_command_issue(Request& req, int issued_command, Clk_t clk, const DRAMSpec& spec);
 PuDMovementTimingConstraints make_movement_timing_constraints(const DRAMSpec& spec);
diff --git a/src/ramulator/dram/CMakeLists.txt b/src/ramulator/dram/CMakeLists.txt
index 5ec441d..88a6b14 100644
--- a/src/ramulator/dram/CMakeLists.txt
+++ b/src/ramulator/dram/CMakeLists.txt
@@ -6,7 +6,6 @@ target_sources(
   device.h  device.cpp
   dram_spec.h  dram_spec.cpp
   pud_location.h  pud_location.cpp
-  pud_target_queue.h  pud_target_queue.cpp
   func_types.h
 
   commands/ACT.h  commands/ACT1.h  commands/ACT2.h
diff --git a/src/ramulator/dram/device.cpp b/src/ramulator/dram/device.cpp
index 2dd5de0..5f08f77 100644
--- a/src/ramulator/dram/device.cpp
+++ b/src/ramulator/dram/device.cpp
@@ -106,21 +106,22 @@ void DRAMDevice::validate_pud_command(const Request& req, const PuDOccurrence& o
   }
 }
 
-bool DRAMDevice::check_pud_local_timing(const Request& req, const PuDOccurrence& occurrence,
+bool DRAMDevice::check_pud_timing(const Request& req, const PuDOccurrence& occurrence,
                                  const PuDComputeContext* context, Clk_t clk) {
+  validate_pud_reservation(req, context);
   validate_pud_command(req, occurrence, context);
-  return check_pud_compute_occurrence_timing(req, clk, *m_spec) &&
+  return clk >= m_compute_ca_ready && clk >= m_command_ca_ready &&
+         check_pud_compute_occurrence_timing(req, clk, *m_spec) &&
          m_root->check_timing(occurrence.command, occurrence.location()->external, clk);
 }
 
-void DRAMDevice::issue_pud_local_command(Request& req, const PuDOccurrence& occurrence,
+void DRAMDevice::issue_pud_command(Request& req, const PuDOccurrence& occurrence,
                                   PuDComputeContext* context, Clk_t clk) {
-  if (!check_pud_local_timing(req, occurrence, context, clk)) {
+  if (!check_pud_timing(req, occurrence, context, clk)) {
     throw std::logic_error("Compute range timing not ready");
   }
   // Outgoing edge inventory (DDR4_PuD + DDR4_PuD_Movement Python definitions):
-  // - Channel: retain any explicit shared constraints. The existing controller
-  //   serializes one-CK C/A issue; W6 reserves transport separately below.
+  // - Channel: retain explicit shared constraints and actual command occupancy.
   // - Bank ACT_PUD*/N -> compute/PRE: PRADA phases, interpreted only by the
   //   Request-local timing helper above; no Bank history/deadline update here.
   // - Terminal PRE -> ACT/compute/ACT_MOV (Bank), -> REFab (Rank): recovery
@@ -129,8 +130,11 @@ void DRAMDevice::issue_pud_local_command(Request& req, const PuDOccurrence& occu
   // Incoming conventional PREpb/PREab/RDA/WRA/REFab edges are still checked by
   // the complete hierarchy. Ordinary commands keep their full update path,
   // including nRRD/nFAW; compute ACTs enter neither activation-current history.
-  // No command-cycle/transport adjustment or second local timing graph.
+  // The current occurrence supplies the resolved row and MatRange together via
+  // its validated immutable location/context association. The issued Request
+  // prefix retains activated operand identity; no selected-range shadow exists.
   m_root->update_timing(occurrence.command, occurrence.location()->external, clk, false);
+  m_compute_ca_ready = clk + m_spec->command_cycles.at(occurrence.command);
   const auto& command = m_spec->command_names[occurrence.command];
   using Phase = PuDComputeContext::Phase;
   if (occurrence.terminal) {
@@ -149,77 +153,28 @@ void DRAMDevice::issue_pud_local_command(Request& req, const PuDOccurrence& occu
   observe_pud_command_issue(req, occurrence.command, clk, *m_spec);
 }
 
-bool DRAMDevice::pud_ca_available(Clk_t clk) const {
-  return clk >= m_pud_ca_ready && clk >= m_command_ca_ready;
-}
-
 void DRAMDevice::validate_pud_reservation(const Request& req, const PuDComputeContext* context) const {
   if (!context || req.pud_compute_context.lock().get() != context) {
-    throw std::logic_error("Target transport requires allocated compute context");
+    throw std::logic_error("Compute issue requires allocated compute context");
   }
   for (const auto& held : m_protected_compute) {
     if (held.lock().get() == context) return;
   }
-  throw std::logic_error("Target transport requires protected compute context");
-}
-
-bool DRAMDevice::check_pud_target_setup(const Request& req, const PuDComputeContext* context, Clk_t clk) {
-  validate_pud_reservation(req, context);
-  const auto first = describe_pud_occurrence(req, req.occurrence_index, *m_spec);
-  validate_pud_command(req, first, context);
-  return req.occurrence_index == 0 && pud_ca_available(clk) && m_pud_targets.can_enqueue(context, first);
-}
-
-void DRAMDevice::enqueue_pud_initial_target(const Request& req, Clk_t clk) {
-  // Controller has rechecked allocation, W5 eligibility and any actual PRE
-  // close before committing. No historical-PRE lookup or Request advancement.
-  m_pud_targets.enqueue(req.pud_compute_context.lock(), describe_pud_occurrence(req, 0, *m_spec), clk + 1);
-  m_pud_ca_ready = clk + 1;
-}
-
-bool DRAMDevice::check_pud_timing(const Request& req, const PuDOccurrence& occurrence,
-                                 const PuDComputeContext* context, Clk_t clk) {
-  validate_pud_reservation(req, context);
-  if (!check_pud_local_timing(req, occurrence, context, clk) || !pud_ca_available(clk)) return false;
-  if (!is_pud_activation(occurrence, *m_spec)) return true;
-  // W2 validates the same complete mat range for every compute operand. Thus
-  // matching ready heads supply exactly one successor credit on every chip,
-  // even at Q=8. No command can have reserved T+1 while T is available: this
-  // localized bus only reserves contiguous current/next cycles at issue.
-  return m_pud_targets.ready(context, occurrence, clk);
-}
-
-void DRAMDevice::issue_pud_command(Request& req, const PuDOccurrence& occurrence,
-                                  PuDComputeContext* context, Clk_t clk) {
-  if (!check_pud_timing(req, occurrence, context, clk)) {
-    throw std::logic_error("Compute target/transport or local timing not ready");
-  }
-  const bool activation = is_pud_activation(occurrence, *m_spec);
-  const auto successor = activation ? next_pud_activation(req, occurrence.index, *m_spec) : std::nullopt;
-  // All checks precede mutation on every chip. Claim the mandatory successor
-  // slot now, using the consumed heads' credit. The immutable entry represents
-  // a reservation until T+1, its transmission at T+1, and readiness at T+2.
-  // Nothing needs a tick callback or a second transport progress machine.
-  if (activation) {
-    m_pud_targets.consume(occurrence);
-    if (successor) m_pud_targets.enqueue(req.pud_compute_context.lock(), *successor, clk + 2);
-  }
-  m_pud_ca_ready = clk + (successor ? 2 : 1);
-  issue_pud_local_command(req, occurrence, context, clk);
+  throw std::logic_error("Compute issue requires protected compute context");
 }
 
 void DRAMDevice::issue_command(int command, const AddrVec_t& addr_vec, Clk_t clk) {
   validate_command(command, addr_vec, clk);
-  if (clk < m_pud_ca_ready) throw std::logic_error("C/A reserved for compute command/target transport");
+  if (clk < m_compute_ca_ready) throw std::logic_error("C/A occupied by compute command");
   m_root->update_timing(command, addr_vec, clk);
   apply_action(command, addr_vec, clk);
-  // This observes existing issue occupancy only for W6 events. Legacy timing
-  // checks and non-DDR dual/multi-cycle bus generation retain their behavior.
+  // Range dispatch must respect the current ordinary/movement command cycle.
+  // Legacy timing and dual/multi-cycle bus generation retain their behavior.
   m_command_ca_ready = clk + m_spec->command_cycles.at(command);
 }
 
 bool DRAMDevice::check_timing(int command, const AddrVec_t& addr_vec, Clk_t clk) {
-  return clk >= m_pud_ca_ready && m_root->check_timing(command, addr_vec, clk);
+  return clk >= m_compute_ca_ready && m_root->check_timing(command, addr_vec, clk);
 }
 
 int DRAMDevice::get_preq_command(int command, const AddrVec_t& addr_vec, Clk_t clk) {
diff --git a/src/ramulator/dram/device.h b/src/ramulator/dram/device.h
index f65a32a..b9e1bb7 100644
--- a/src/ramulator/dram/device.h
+++ b/src/ramulator/dram/device.h
@@ -8,7 +8,6 @@
 #include "ramulator/base/type.h"
 #include "ramulator/dram/dram_spec.h"
 #include "ramulator/dram/node.h"
-#include "ramulator/dram/pud_target_queue.h"
 
 class ComputeRangesUnderTest;
 class ComputeLifecycleUnderTest;
@@ -37,9 +36,8 @@ class DRAMDevice;
  *
  * Device registry -- weak --> context (conflict visibility only)
  * DRAMDevice -- owns --> DRAMNode tree (node.h: conventional/shared state)
- * DRAMDevice -- owns --> PuDTargetQueues (pud_target_queue.h: W6 descriptors)
- * Controller preparation/issue checks --> Device C/A + atomic queue operations
- * Queue and C/A state live beside the context, never inside it.
+ * Controller issue checks --> Device consumes the current resolved occurrence
+ * Shared command-cycle occupancy lives in Device, outside the range context.
  * NO cursor/history/deadline/activated-row shadow state lives in the context.
  * Request owns sequence/history; Controller owns recovery via delayed completion.
  */
@@ -94,9 +92,9 @@ class DRAMDevice {
   bool check_timing(int command, const AddrVec_t& addr_vec, Clk_t clk);
 
   // Internal range construction; this creates no allocation or ownership. Public
-  // v2 submission remains disabled. Descriptors are checked against the current
+  // v2 submission remains disabled. Occurrences are checked against the current
   // authoritative Request before any timing/action. Null/foreign associations
-  // and stale descriptors fail; callers must not dispatch divergent Request copies.
+  // and stale occurrences fail; callers must not dispatch divergent Request copies.
   std::unique_ptr<PuDComputeContext> make_pud_compute_context(const Request& req) const;
 
   // Non-owning visibility of controller reservations, including pre-ACT and
@@ -165,24 +163,16 @@ class DRAMDevice {
   friend class ::ComputeRangesUnderTest;
   friend class ::ComputeLifecycleUnderTest;
   friend class PuDConflictUnderTest;
-  // W6 queue/transport resources are separate from the minimal Device context.
-  PuDTargetQueues m_pud_targets;
-  Clk_t m_pud_ca_ready = -1;
+  // Actual command occupancy only. Compute uses the combined DDR4 single bus;
+  // ordinary paths retain generated timing (including other standards' dual
+  // buses). Their deadline gates compute, not unrelated legacy bus arbitration.
+  Clk_t m_compute_ca_ready = -1;
   Clk_t m_command_ca_ready = -1;
-  bool pud_ca_available(Clk_t clk) const;
   void validate_pud_reservation(const Request& req, const PuDComputeContext* context) const;
-  bool check_pud_target_setup(const Request& req, const PuDComputeContext* context, Clk_t clk);
-  void enqueue_pud_initial_target(const Request& req, Clk_t clk);
   bool check_pud_timing(const Request& req, const PuDOccurrence& occurrence,
                         const PuDComputeContext* context, Clk_t clk);
   void issue_pud_command(Request& req, const PuDOccurrence& occurrence,
                          PuDComputeContext* context, Clk_t clk);
-  // W3 local phase/timing seam, also used by isolated W3-W5 component tests.
-  // Production range issue always goes through the W6 transport check above.
-  bool check_pud_local_timing(const Request& req, const PuDOccurrence& occurrence,
-                              const PuDComputeContext* context, Clk_t clk);
-  void issue_pud_local_command(Request& req, const PuDOccurrence& occurrence,
-                               PuDComputeContext* context, Clk_t clk);
   std::vector<std::weak_ptr<PuDComputeContext>> m_protected_compute;
   void validate_pud_command(const Request& req, const PuDOccurrence& occurrence,
                             const PuDComputeContext* context) const;
diff --git a/src/ramulator/dram/pud_location.h b/src/ramulator/dram/pud_location.h
index 07fbbd2..63aafd2 100644
--- a/src/ramulator/dram/pud_location.h
+++ b/src/ramulator/dram/pud_location.h
@@ -60,7 +60,7 @@ namespace PuD {
  * |           +------------+------------+                                            |
  * |                        | describes current index                                 |
  * |                        v                                                         |
- * |                  PuDOccurrence (current descriptor/view)                         |
+ * |                  PuDOccurrence (current occurrence view)                         |
  * |                                                                                  |
  * | Movement Request cursor/history ---> +-------------------------+                 |
  * |                                      | PuDMovementState        |                 |
@@ -125,27 +125,11 @@ namespace PuD {
  * | Request owns local history; context owns phase; Controller owns recovery.        |
  * +----------------------------------------------------------------------------------+
  *
- * +----------------------------------------------------------------------------------+
- * | 6. TARGET QUEUES / SHARED C/A                         dram/pud_target_queue.h    |
- * |                                                                                  |
- * | ProtectedCompute --> Controller preparation/issue --> DRAMDevice                 |
- * |                                                        | owns                    |
- * |                                                        v                         |
- * |                                                  PuDTargetQueues                |
- * | Request occurrence + W1 segment_range --> per-(Channel, Rank, Chip) FIFO         |
- * | initial PRE/setup --> descriptor --> ACT consumes ready heads atomically         |
- * | non-final ACT --> reserved successor at T+1 --> ready at T+2                     |
- * |                                                                                  |
- * | Device C/A reservation excludes ordinary/movement issue; no local timing graph. |
- * | Queue entries retain identity/order/readiness only; NO context shadow state.    |
- * +----------------------------------------------------------------------------------+
- *
  * Mental model:
  * pud_location.h     = WHERE modeled data lives
  * request.h          = WHAT request + sequence progress
  * pud_sequence.h     = WHICH occurrence / derived movement view
- * device.h           = invocation association + Device-side phase
- * pud_target_queue.h = WHICH prepared activation target; shared C/A lives in Device
+ * device.h           = resolved-occurrence issue + phase + shared command occupancy
  * controller_base.h  = WHO owns/protects it and for how long
  * node.h             = conventional/shared DRAM state
  */
diff --git a/src/ramulator/dram/pud_target_queue.cpp b/src/ramulator/dram/pud_target_queue.cpp
deleted file mode 100644
index 28e328a..0000000
--- a/src/ramulator/dram/pud_target_queue.cpp
+++ /dev/null
@@ -1,53 +0,0 @@
-#include "ramulator/dram/pud_target_queue.h"
-
-#include "ramulator/dram/device.h"
-
-namespace Ramulator {
-
-bool PuDTargetQueues::can_enqueue(const PuDComputeContext* context, const PuDOccurrence& target) const {
-  const auto& origin = target.location()->location.origin;
-  for (const auto& segment : target.locations->resolver->segment_range(origin.mats)) {
-    const auto it = m_queues.find({origin.channel, origin.rank, segment.chip});
-    if (it == m_queues.end()) continue;
-    if (it->second.size() >= capacity) return false;
-    for (const auto& entry : it->second) {
-      if (entry.descriptor->context.lock().get() == context &&
-          entry.descriptor->occurrence.index == target.index) return false;
-    }
-  }
-  return true;
-}
-
-bool PuDTargetQueues::ready(const PuDComputeContext* context, const PuDOccurrence& target, Clk_t clk) const {
-  const auto& origin = target.location()->location.origin;
-  for (const auto& segment : target.locations->resolver->segment_range(origin.mats)) {
-    const auto it = m_queues.find({origin.channel, origin.rank, segment.chip});
-    if (it == m_queues.end() || it->second.empty()) return false;
-    const auto& head = it->second.front();
-    const auto& descriptor = *head.descriptor;
-    const auto& occurrence = descriptor.occurrence;
-    if (descriptor.context.lock().get() != context || descriptor.ready_at > clk ||
-        occurrence.locations != target.locations || occurrence.index != target.index ||
-        occurrence.command != target.command || occurrence.operand_index != target.operand_index ||
-        head.segment != segment) return false;
-  }
-  return true;
-}
-
-void PuDTargetQueues::enqueue(const std::shared_ptr<PuDComputeContext>& context, const PuDOccurrence& target,
-                              Clk_t ready_at) {
-  const auto descriptor = std::make_shared<const Descriptor>(Descriptor{context, target, ready_at});
-  const auto& origin = target.location()->location.origin;
-  for (const auto& segment : target.locations->resolver->segment_range(origin.mats)) {
-    m_queues[{origin.channel, origin.rank, segment.chip}].push_back({descriptor, segment});
-  }
-}
-
-void PuDTargetQueues::consume(const PuDOccurrence& target) {
-  const auto& origin = target.location()->location.origin;
-  for (const auto& segment : target.locations->resolver->segment_range(origin.mats)) {
-    m_queues.at({origin.channel, origin.rank, segment.chip}).pop_front();
-  }
-}
-
-}  // namespace Ramulator
diff --git a/src/ramulator/dram/pud_target_queue.h b/src/ramulator/dram/pud_target_queue.h
deleted file mode 100644
index 8315e16..0000000
--- a/src/ramulator/dram/pud_target_queue.h
+++ /dev/null
@@ -1,46 +0,0 @@
-#ifndef RAMULATOR_DRAM_PUD_TARGET_QUEUE_H
-#define RAMULATOR_DRAM_PUD_TARGET_QUEUE_H
-
-#include <deque>
-#include <map>
-#include <tuple>
-
-#include "ramulator/controller/pud_sequence.h"
-
-namespace Ramulator {
-
-class DRAMDevice;
-class PuDComputeContext;
-class PuDConflictUnderTest;
-
-// W6 simulator FIFO, not pin-accurate queue circuitry. DRAMDevice owns this
-// alongside (never inside) PuDComputeContext. Controller protection authorizes
-// transport; descriptors do not extend execution lifetime or retain payloads.
-class PuDTargetQueues {
- public:
-  static constexpr size_t capacity = 8;
-  using Chip = std::tuple<int, int, int>;  // Channel, Rank, Chip; shared across Banks.
-  struct Descriptor {
-    std::weak_ptr<PuDComputeContext> context;
-    PuDOccurrence occurrence;
-    Clk_t ready_at;  // Target transmission occupies ready_at - 1.
-  };
-  struct Entry {
-    std::shared_ptr<const Descriptor> descriptor;
-    PuD::MatSegment segment;
-  };
-
- private:
-  friend class DRAMDevice;
-  friend class PuDConflictUnderTest;  // Read-only test snapshots.
-  std::map<Chip, std::deque<Entry>> m_queues;
-
-  bool can_enqueue(const PuDComputeContext* context, const PuDOccurrence& target) const;
-  bool ready(const PuDComputeContext* context, const PuDOccurrence& target, Clk_t clk) const;
-  void enqueue(const std::shared_ptr<PuDComputeContext>& context, const PuDOccurrence& target,
-               Clk_t ready_at);
-  void consume(const PuDOccurrence& target);
-};
-
-}  // namespace Ramulator
-#endif
diff --git a/tests/controller_scheduling/GenericDDRController/test_pud_conflicts.py b/tests/controller_scheduling/GenericDDRController/test_pud_conflicts.py
index 31359e0..92a1e6a 100644
--- a/tests/controller_scheduling/GenericDDRController/test_pud_conflicts.py
+++ b/tests/controller_scheduling/GenericDDRController/test_pud_conflicts.py
@@ -248,7 +248,8 @@ def test_priority_maintenance_waits_for_last_recovery_before_whole_scope_action(
     d.raw("ACT", addr(0), True)
     assert d.add(compute(r, "MAJ3", bank=2), 1, 0)
     assert d.add(compute(r, "NOT", bank=3, bg=3), 2, 1)
-    events = sorted([(clk, 1) for clk in TIMELINES["MAJ3"]] +
+    # The ordinary ACT at zero occupies the shared command cycle.
+    events = sorted([(clk+1, 1) for clk in TIMELINES["MAJ3"]] +
                     [(clk+2, 2) for clk in TIMELINES["NOT"]])
     queued = False
     for clk, source in events:
@@ -258,7 +259,7 @@ def test_priority_maintenance_waits_for_last_recovery_before_whole_scope_action(
             queued = True
         d.dispatch(source, clk)
     d.advance(100)
-    assert d.issued() == []  # Last recovery is NOT at 101, even though MAJ3 drained at 66.
+    assert d.issued() == []  # Last recovery is NOT at 101, even though MAJ3 drained at 67.
     before = d.shared()
     for raw_command in ("PREab", "REFab"):
         with pytest.raises(RuntimeError, match="protected compute"):
@@ -360,7 +361,7 @@ def test_final_recheck_catches_command_scope_upgrade():
     assert not d.probe("RD", "RDA", addr(3))["issue"]
 
 
-def test_selection_then_reservation_is_rechecked_before_any_preparation():
+def test_selection_then_compute_reservation_rechecks_ordinary_issue():
     d, r = fixture()
     assert d.probe("RD", "ACT", addr())["issue"]
     assert d.add(compute(r), 1, 0)
diff --git a/tests/controller_scheduling/GenericDDRController/test_pud_resolved_targets.py b/tests/controller_scheduling/GenericDDRController/test_pud_resolved_targets.py
new file mode 100644
index 0000000..ecec6fc
--- /dev/null
+++ b/tests/controller_scheduling/GenericDDRController/test_pud_resolved_targets.py
@@ -0,0 +1,253 @@
+"""W6 resolved-target baseline on GenericDDR with explicit protected contexts."""
+
+import pytest
+
+from ramulator._ramulator_test import _PuDConflictUnderTest
+from tests.controller_scheduling.GenericDDRController.test_pud_conflicts import (
+    addr, compute, fixture, movement, scope,
+)
+from tests.device_timings.test_pud_compute_ranges import COMMANDS, TIMELINES, TOTALS
+from tests.unit_tests.test_pud_request_locations import (
+    COMPUTE, controller, descriptor, request, synthetic,
+)
+
+
+def snapshot(d, *ids):
+    return d.command_occupancy(), d.shared(), [d.compute_state(i) for i in ids], d.held()
+
+
+def issue(d, source, clk):
+    d.advance(clk)
+    before = snapshot(d, source)
+    for _ in range(3):
+        assert d.compute_dispatch(source)
+        assert snapshot(d, source) == before
+    assert d.compute_dispatch(source, issue=True)
+
+
+def blocked(d, source, clk):
+    d.advance(clk)
+    before = snapshot(d, source)
+    for _ in range(3):
+        assert not d.compute_dispatch(source)
+        assert snapshot(d, source) == before
+    with pytest.raises(RuntimeError, match="not ready"):
+        d.compute_dispatch(source, issue=True)
+    assert snapshot(d, source) == before
+
+
+@pytest.mark.parametrize("name", COMPUTE)
+@pytest.mark.parametrize("mats", [(0, 0), (15, 16), (0, 127)])
+def test_resolved_occurrences_and_recovery_anchors(name, mats):
+    d, r = fixture()
+    assert d.add(compute(r, name, mats, row=21), 1, 0)
+    for index, (clk, command) in enumerate(zip(TIMELINES[name], COMMANDS[name])):
+        if index:
+            blocked(d, 1, clk-1)
+        state = d.compute_state(1)
+        occurrence = state["occurrences"][index]
+        assert occurrence["index"] == state["cursor"] == index
+        assert occurrence["command"] == command and occurrence["associated"]
+        assert occurrence["range"] == list(mats)
+        assert occurrence["external"] == state["addr_vec"]
+        assert occurrence["external"][4] == 21 + occurrence["operand"]
+        assert occurrence["origin"][4:] == [0, 21 + occurrence["operand"]]
+        assert occurrence["issued"] == -1
+        issue(d, 1, clk)
+        state = d.compute_state(1)
+        assert state["occurrences"][index] == occurrence | {"issued": clk}
+        assert state["history"] == TIMELINES[name][:index+1] + [-1]*(len(COMMANDS[name])-index-1)
+        # Only the actual command occupies C/A; no extra activation cycle.
+        assert d.command_occupancy()[0] == clk+1
+    d.advance(TOTALS[name]-1)
+    assert d.held() == 1 and d.completions() == []
+    d.advance(TOTALS[name])
+    assert d.held() == 0 and d.completions()[0]["depart"] == TOTALS[name]
+
+
+@pytest.mark.parametrize("destinations", [2, 5, 32])
+@pytest.mark.parametrize("mats", [(0, 0), (15, 16), (0, 127)])
+def test_rowcopy_each_equal_range_retains_distinct_operand(destinations, mats):
+    d, r = fixture()
+    req = request(r, "RowCopy", [descriptor(10+i, mats) for i in range(destinations+1)])
+    assert d.add(req.copy(), 1, 0)
+    for index, clk in enumerate([0] + [40+5*i for i in range(destinations+1)]):
+        before = d.compute_state(1)
+        occurrence = before["occurrences"][index]
+        assert occurrence["operand"] == min(index, destinations)
+        assert occurrence["external"][4] == 10 + min(index, destinations)
+        assert occurrence["range"] == list(mats) and occurrence["associated"]
+        issue(d, 1, clk)  # Fixture relocates the sole Request after each action.
+    d.advance(40+5*destinations+16)
+    assert d.held() == 0
+
+
+@pytest.mark.parametrize("mats", [(0, 0), (15, 16)])
+def test_many_explicit_reservations_have_no_per_chip_issue_order_or_capacity(mats):
+    d, r = fixture()
+    # Explicit fixture engines, not a production allocation policy or E default.
+    for i in range(12):
+        assert d.add(compute(r, "NOT", mats, bank=i % 4, bg=i // 4), i, i)
+    for clk, i in enumerate(reversed(range(12))):
+        issue(d, i, clk)
+    assert d.held() == 12
+    for clk, i in enumerate(reversed(range(12))):
+        issue(d, i, 40+clk)
+    for clk, i in enumerate(reversed(range(12))):
+        issue(d, i, 83+clk)
+    d.advance(110)
+    assert d.held() == 0 and len(d.completions()) == 12
+
+
+@pytest.mark.parametrize("late", [0, 37])
+@pytest.mark.parametrize("preceding_pre", [False, True])
+def test_cold_and_late_activation_issue_as_soon_as_ordinary_recovery_allows(late, preceding_pre):
+    d, r = fixture()
+    if preceding_pre:
+        d.raw("PREpb", addr(), True)
+    clk = (16 if preceding_pre else 0) + late
+    d.advance(clk)
+    assert d.add(compute(r, "NOT"), 1, 0)
+    issue(d, 1, clk)
+    assert d.compute_state(1)["history"] == [clk, -1, -1]
+
+
+@pytest.mark.parametrize("command", ["ACT", "ACT_MOV"])
+def test_actual_compute_cycle_blocks_other_bank_but_next_cycle_is_free(command):
+    d, r = fixture()
+    assert d.add(compute(r), 1, 0)
+    issue(d, 1, 0)
+    before = snapshot(d, 1)
+    assert not d.probe(command, command, addr(bank=1))["issue"]
+    with pytest.raises(RuntimeError, match="C/A occupied"):
+        d.raw(command, addr(bank=1), True)
+    assert snapshot(d, 1) == before
+    d.advance(1)
+    assert d.probe(command, command, addr(bank=1))["issue"]
+    d.raw(command, addr(bank=1), True)
+
+
+@pytest.mark.parametrize("command", ["ACT", "ACT_MOV"])
+def test_ordinary_or_movement_command_cycle_blocks_compute_without_mutation(command):
+    d, r = fixture()
+    assert d.add(compute(r), 1, 0)
+    d.raw(command, addr(bank=1), True)
+    blocked(d, 1, 0)
+    issue(d, 1, 1)
+
+
+@pytest.mark.parametrize("scheduler", ["FRFCFS", "FRFCFS-RowHit"])
+def test_scheduled_ordinary_command_issues_next_cycle(scheduler):
+    d, r = fixture(scheduler)
+    assert d.add(compute(r), 1, 0)
+    issue(d, 1, 0)
+    d.send(0, addr(bank=1), 2)
+    d.advance(1)
+    assert [(e["command"], e["clk"]) for e in d.issued()] == [("ACT", 1)]
+
+
+@pytest.mark.parametrize("name", ["LC-MOV", "GB-MOV"])
+@pytest.mark.parametrize("scheduler", ["FRFCFS", "FRFCFS-RowHit"])
+def test_scheduled_movement_issues_next_cycle_and_preserves_local_anchor(name, scheduler):
+    d, r = fixture(scheduler)
+    assert d.add(compute(r), 1, 0)
+    issue(d, 1, 0)
+    d.movement(movement(r, name, bank=1), 2)
+    d.advance(1)
+    assert [(e["command"], e["clk"]) for e in d.issued()] == [("ACT_MOV", 1)]
+    # LC issues its source PRE at 40; compute must respect that actual cycle.
+    if name == "LC-MOV":
+        blocked(d, 1, 40)
+    issue(d, 1, 41)
+    issue(d, 1, 46)
+    total = 130 if name == "LC-MOV" else 75
+    d.advance(1+total)
+    event = next(e for e in d.completions() if e["source"] == 2)
+    assert event["depart"] == 1+total
+
+
+@pytest.mark.parametrize("scheduler", ["FRFCFS", "FRFCFS-RowHit"])
+def test_allocated_ranges_drain_after_maintenance_arrives_before_first_act(scheduler):
+    d, r = fixture(scheduler)
+    for i, mats in enumerate([(14, 15), (15, 16), (16, 17)]):
+        assert d.add(compute(r, mats=mats, bank=i), i, i)
+    d.priority("REFab", scope())
+    assert not d.start(compute(r, bank=3))
+    for offset in (0, 40, 45):
+        for i in range(3):
+            issue(d, i, offset+i)
+    d.advance(62)
+    assert not d.issued() and d.held() == 1
+    d.advance(63)
+    assert d.held() == 0 and [e["command"] for e in d.issued()] == ["REFab"]
+
+
+def test_replacement_profile_supplies_resolved_row_and_chip_segments_across_n():
+    r, config = synthetic()
+    d = _PuDConflictUnderTest(controller(config, mapper="PassThroughAddrMapper"))
+    assert d.add(compute(r, "NOT_COPY", (7, 8), row=1022), 1, 0)
+    for index, clk in enumerate(TIMELINES["NOT_COPY"]):
+        occurrence = d.compute_state(1)["occurrences"][index]
+        assert occurrence["range"] == [7, 8]
+        assert occurrence["segments"] == [[0, 7, 7], [1, 0, 0]]
+        assert occurrence["associated"]
+        assert occurrence["external"][4] == 1022 + (index >= 2)
+        issue(d, 1, clk)
+    d.advance(104)
+    assert d.held() == 0
+
+
+def test_unallocated_and_released_associations_cannot_issue():
+    d, r = fixture()
+    before = snapshot(d)
+    for mutate in (False, True):
+        with pytest.raises(RuntimeError, match="protected compute context"):
+            d.unallocated_dispatch(compute(r), mutate)
+        assert snapshot(d) == before
+    assert d.add(compute(r), 1, 0)
+    for clk in TIMELINES["RowCopy"]:
+        issue(d, 1, clk)
+    d.advance(61)
+    before = snapshot(d, 1)
+    for mutate in (False, True):
+        with pytest.raises(RuntimeError, match="protected compute context"):
+            d.compute_dispatch(1, issue=mutate)
+        assert snapshot(d, 1) == before
+
+
+def test_disjoint_activation_after_range_pre_keeps_close_and_target_independent():
+    d, r = fixture()
+    assert d.add(compute(r, mats=(0, 0)), 1, 0)
+    assert d.add(compute(r, "NOT_COPY", (1, 1), row=30), 2, 1)
+    for clk in TIMELINES["RowCopy"]:
+        issue(d, 1, clk)
+    before = d.compute_state(1)
+    blocked(d, 2, 45)
+    issue(d, 2, 46)
+    assert d.compute_state(1) == before
+    assert d.compute_state(2)["occurrences"][0]["external"][4] == 30
+    d.advance(61)
+    assert d.completions()[0]["depart"] == 61
+
+@pytest.mark.parametrize("command", ["ACT", "ACT_MOV", "ACT_PUD_S_OC"])
+def test_shared_deadline_honors_actual_command_cycles(command):
+    from ramulator.dram import DDR4_PuD_Movement as Standard
+    from tests.unit_tests.test_pud_location import dram_config, resolver
+
+    config = dram_config()
+    # Synthetic occupancy-only probe of the existing command_cycles field.
+    # This does not define a new production timing profile or shift PRADA edges.
+    config["command_cycles"][Standard.commands.index(command)] = 3
+    d = _PuDConflictUnderTest(controller(config, mapper="PassThroughAddrMapper"))
+    r = resolver(config=config)
+    assert d.add(compute(r, "NOT", (0, 0)), 1, 0)
+    assert d.add(compute(r, "MAJ3", (1, 1)), 2, 1)
+    if command == "ACT_PUD_S_OC":
+        issue(d, 1, 0)
+    else:
+        d.raw(command, addr(bank=1), True)
+    for clk in (0, 1, 2):
+        blocked(d, 2, clk)
+        if command == "ACT_PUD_S_OC":
+            assert not d.probe("ACT", "ACT", addr(bank=1))["issue"]
+    issue(d, 2, 3)
diff --git a/tests/controller_scheduling/GenericDDRController/test_pud_target_transport.py b/tests/controller_scheduling/GenericDDRController/test_pud_target_transport.py
deleted file mode 100644
index 365109a..0000000
--- a/tests/controller_scheduling/GenericDDRController/test_pud_target_transport.py
+++ /dev/null
@@ -1,400 +0,0 @@
-"""W6 transport on real GenericDDR with explicitly pre-reserved W4 contexts."""
-
-import pytest
-
-from tests.controller_scheduling.GenericDDRController.test_pud_conflicts import (
-    addr, compute, fixture, movement, scope,
-)
-from tests.device_timings.test_pud_compute_ranges import COMMANDS, TIMELINES, TOTALS
-from tests.unit_tests.test_pud_request_locations import COMPUTE, controller, descriptor, request, synthetic
-from ramulator._ramulator_test import _PuDConflictUnderTest
-
-
-def entries(d, clk, chip=0, rank=0):
-    return next((q["entries"] for q in d.targets(clk)["queues"]
-                 if q["chip"] == [0, rank, chip]), [])
-
-
-def snapshot(d, clk, *ids):
-    return d.targets(clk), d.shared(), [d.transport_state(i) for i in ids], d.held()
-
-
-def setup(d, source, clk, **kwargs):
-    d.advance(clk)
-    before = snapshot(d, clk, source)
-    for _ in range(3):
-        assert d.target_setup(source, **kwargs)
-        assert snapshot(d, clk, source) == before
-    assert d.target_setup(source, issue=True, **kwargs)
-
-
-def issue(d, source, clk):
-    d.advance(clk)
-    before = snapshot(d, clk, source)
-    for _ in range(3):
-        assert d.transport_dispatch(source)
-        assert snapshot(d, clk, source) == before
-    assert d.transport_dispatch(source, issue=True)
-
-
-def blocked(d, source, clk, preparation=False, **kwargs):
-    d.advance(clk)
-    before = snapshot(d, clk, source)
-    method = d.target_setup if preparation else d.transport_dispatch
-    for _ in range(3):
-        assert not method(source, **kwargs)
-        assert snapshot(d, clk, source) == before
-    with pytest.raises(RuntimeError, match="not ready"):
-        method(source, issue=True, **kwargs)
-    assert snapshot(d, clk, source) == before
-
-
-@pytest.mark.parametrize("name", COMPUTE)
-@pytest.mark.parametrize("mats", [(0, 0), (15, 16), (0, 127)])
-def test_exact_transport_counts_boundaries_and_local_anchors(name, mats):
-    d, r = fixture()
-    assert d.add(compute(r, name, mats), 1, 0)
-    blocked(d, 1, 0)  # Allocation does not prepare even the first ACT.
-    shared = d.shared()
-    setup(d, 1, 0)
-    assert d.shared() == shared and d.transport_state(1)["cursor"] == 0
-    blocked(d, 1, 0)
-    transports = 0
-    for index, (relative, command) in enumerate(zip(TIMELINES[name], COMMANDS[name])):
-        clk = relative + 1
-        if index:
-            blocked(d, 1, clk-1)
-        old_queue = d.targets(clk)["queues"]
-        issue(d, 1, clk)
-        if command.startswith("ACT"):
-            later = [i for i in range(index+1, len(COMMANDS[name])) if COMMANDS[name][i].startswith("ACT")]
-            if later:
-                transports += 1
-                for q in d.targets(clk)["queues"]:
-                    e, = q["entries"]
-                    assert (e["index"], e["transmit"], e["ready_at"]) == (later[0], clk+1, clk+2)
-                    assert e["reserved"] and not e["ready"]
-                d.advance(clk+1)
-                for q in d.targets(clk+1)["queues"]:
-                    assert not q["entries"][0]["reserved"] and not q["entries"][0]["ready"]
-                d.advance(clk+2)
-                assert all(q["entries"][0]["ready"] for q in d.targets(clk+2)["queues"])
-            else:
-                assert not any(q["entries"] for q in d.targets(clk)["queues"])
-        elif command == "N":
-            assert d.targets(clk)["queues"] == old_queue
-    assert transports == dict(RowCopy=1, MAJ3=2, MAJ5=4, NOT=0, NOT_COPY=1)[name]
-    assert d.transport_state(1)["history"] == [t+1 for t in TIMELINES[name]]
-    d.advance(TOTALS[name])
-    assert d.held() == 1 and d.completions() == []
-    d.advance(TOTALS[name]+1)
-    assert d.held() == 0 and d.completions()[0]["depart"]-1 == TOTALS[name]
-
-
-@pytest.mark.parametrize("destinations", [2, 5, 32])
-@pytest.mark.parametrize("mats", [(0, 0), (15, 16), (0, 127)])
-def test_rowcopy_successors_even_for_identical_numeric_ranges(destinations, mats):
-    d, r = fixture()
-    req = request(r, "RowCopy", [descriptor(10+i, mats) for i in range(destinations+1)])
-    assert d.add(req, 1, 0)
-    setup(d, 1, 0)
-    clocks = [1] + [41+5*i for i in range(destinations+1)]
-    sent = 0
-    for clk in clocks:
-        issue(d, 1, clk)
-        q = next(iter(d.targets(clk)["queues"]))["entries"]
-        if q:
-            assert q[0]["transmit"] == clk+1
-            sent += 1
-    assert sent == destinations
-    d.advance(1+40+5*destinations+16)
-    assert d.held() == 0
-
-
-def test_exact_eight_ninth_blocked_space_released_while_engines_busy():
-    d, r = fixture()
-    for i in range(9):
-        assert d.add(compute(r, "NOT", (i, i)), i, i)
-    for i in range(8):
-        setup(d, i, i)
-    assert len(entries(d, 8)) == 8 and d.held() == 9
-    blocked(d, 8, 8, preparation=True)
-    issue(d, 0, 8)
-    assert len(entries(d, 8)) == 7 and d.held() == 9
-    setup(d, 8, 9)
-    assert len(entries(d, 9)) == 8 and d.held() == 9
-
-
-def test_multi_chip_partial_capacity_and_mismatched_heads_are_atomic():
-    d, r = fixture()
-    for i in range(8):
-        assert d.add(compute(r, "NOT", (16+i, 16+i)), i, i)
-        setup(d, i, i)
-    assert d.add(compute(r, "NOT", (15, 16), bank=1), 8, 8)
-    blocked(d, 8, 8, preparation=True)
-    assert entries(d, 8, chip=0) == []
-    blocked(d, 8, 8)  # No descriptors on either chip.
-    issue(d, 0, 8)
-    setup(d, 8, 9)
-    blocked(d, 8, 10)  # Matching chip-0 head cannot consume while chip-1 mismatches.
-    assert entries(d, 10, chip=0)[0]["source"] == 8
-    for i in range(1, 8):
-        issue(d, i, 9+i)
-    issue(d, 8, 17)
-    assert entries(d, 17, chip=0) == entries(d, 17, chip=1) == []
-
-
-def test_successor_credit_cannot_be_stolen_at_full_capacity():
-    d, r = fixture()
-    for i in range(9):
-        assert d.add(compute(r, "RowCopy" if i == 0 else "NOT", (i, i)), i, i)
-    for i in range(8):
-        setup(d, i, i)
-    issue(d, 0, 8)
-    q = entries(d, 8)
-    assert len(q) == 8 and q[-1]["source"] == 0 and q[-1]["reserved"]
-    blocked(d, 8, 9, preparation=True)  # Mandatory C/A cycle.
-    blocked(d, 8, 10, preparation=True)  # Its reserved credit remains occupied.
-    for i in range(1, 8):
-        issue(d, i, 9+i)
-    setup(d, 8, 17)
-    blocked(d, 0, 47)
-    issue(d, 0, 48)
-    assert [e["source"] for e in entries(d, 48)] == [8]
-
-
-def test_queues_shared_across_banks_isolated_across_chips_and_ranks():
-    d, r = fixture(ranks=4)
-    for i, (bank, rank, mats) in enumerate([(0, 0, (0, 0)), (1, 0, (0, 0)),
-                                           (0, 1, (0, 0)), (0, 0, (16, 16))]):
-        assert d.add(compute(r, "NOT", mats, bank=bank, rank=rank), i, i)
-        setup(d, i, i)
-    assert [e["source"] for e in entries(d, 4)] == [0, 1]
-    blocked(d, 1, 4)
-    issue(d, 2, 4)
-    issue(d, 3, 5)
-    issue(d, 0, 6)
-    issue(d, 1, 7)
-
-
-@pytest.mark.parametrize("scheduler", ["FRFCFS", "FRFCFS-RowHit"])
-def test_staggered_multi_chip_fifo_progress_and_maintenance_drain(scheduler):
-    d, r = fixture(scheduler)
-    for i, mats in enumerate([(14, 15), (15, 16), (16, 17)]):
-        assert d.add(compute(r, mats=mats, bank=i), i, i)
-        setup(d, i, i)
-    for i in range(3):
-        issue(d, i, 3+2*i)
-    d.priority("REFab", scope())
-    assert not d.start(compute(r, bank=3))
-    for clk, i in [(43, 0), (45, 1), (47, 2), (48, 0), (50, 1), (52, 2)]:
-        issue(d, i, clk)
-    d.advance(67)
-    assert not d.issued() and d.held() == 1
-    d.advance(68)
-    assert d.held() == 0 and [e["command"] for e in d.issued()] == ["REFab"]
-
-
-@pytest.mark.parametrize("late", [0, 37])
-def test_cold_or_late_setup_does_not_reuse_historical_pre(late):
-    d, r = fixture()
-    d.raw("PREpb", addr(), True)  # Earlier PRE knows nothing about the future request.
-    d.advance(16+late)
-    assert d.add(compute(r, "NOT"), 1, 0)
-    blocked(d, 1, 16+late)
-    setup(d, 1, 16+late)
-    assert entries(d, 16+late)[0]["transmit"] == 16+late
-    issue(d, 1, 17+late)
-
-
-def test_useful_conventional_pre_pairs_distinct_bank_target_and_close():
-    d, r = fixture()
-    d.raw("ACT", addr(bank=1), True)
-    assert d.add(compute(r, "NOT"), 1, 0)
-    blocked(d, 1, 38, preparation=True, pre_command="PREpb", addr=addr(bank=1))
-    before = d.transport_state(1)
-    setup(d, 1, 39, pre_command="PREpb", addr=addr(bank=1))
-    assert d.transport_state(1) == before
-    e, = entries(d, 39)
-    assert e["external"][3] == 0 and e["ready_at"] == 40
-    assert not d.probe("ACT", "ACT", addr(bank=1))["issue"]
-    issue(d, 1, 40)
-    d.advance(55)
-    assert d.probe("ACT", "ACT", addr(bank=1))["issue"]
-
-
-def test_range_pre_prepares_disjoint_context_without_reset_or_recovery_shift():
-    d, r = fixture()
-    assert d.add(compute(r, "NOT", (0, 0)), 1, 0)
-    assert d.add(compute(r, "MAJ3", (1, 1)), 2, 1)
-    setup(d, 1, 0)
-    issue(d, 1, 1)
-    issue(d, 1, 41)
-    blocked(d, 2, 83, preparation=True, close_source=1)
-    setup(d, 2, 84, close_source=1)
-    assert d.transport_state(1)["phase"] == 3 and d.transport_state(2)["phase"] == 0
-    assert d.transport_state(1)["history"] == [1, 41, 84]
-    issue(d, 2, 85)  # Does not inherit the other range's PRE + nRP.
-    assert d.transport_state(1)["phase"] == 3
-    d.advance(100)
-    assert d.completions()[0]["depart"] == 100
-
-
-@pytest.mark.parametrize("pre", ["PREpb", "PREab"])
-def test_no_unnecessary_bank_close_or_protected_scope_pre(pre):
-    d, r = fixture()
-    assert d.add(compute(r, "NOT"), 1, 0)
-    target = addr(bank=1) if pre == "PREpb" else scope(rank=1)
-    if pre == "PREab":
-        d, r = fixture(ranks=4)
-        assert d.add(compute(r, "NOT"), 1, 0)
-    blocked(d, 1, 0, preparation=True, pre_command=pre, addr=target)  # Empty close scope.
-    blocked(d, 1, 0, preparation=True, pre_command=pre,
-            addr=addr() if pre == "PREpb" else scope())  # Protected scope.
-    setup(d, 1, 0)
-
-
-def test_maintenance_arrival_rejects_pre_pair_before_mutation_but_allocation_drains():
-    d, r = fixture()
-    d.raw("ACT", addr(bank=1), True)
-    assert d.add(compute(r, "NOT"), 1, 0)
-    d.advance(39)
-    assert d.target_setup(1, pre_command="PREpb", addr=addr(bank=1))
-    d.priority("REFab", scope())
-    blocked(d, 1, 39, preparation=True, pre_command="PREpb", addr=addr(bank=1))
-    # The waiting maintenance cannot strand its already allocated blocker.
-    setup(d, 1, 39)
-    for clk in [40, 80, 123]:
-        issue(d, 1, clk)
-    d.advance(139)
-    assert d.held() == 0 and [e["command"] for e in d.issued()] == ["PREab"]
-    d.advance(155)
-    assert [e["command"] for e in d.issued()] == ["PREab", "REFab"]
-
-
-def test_no_unallocated_request_can_prepare_targets():
-    d, r = fixture()
-    before = snapshot(d, 0)
-    for mutate in [False, True]:
-        with pytest.raises(RuntimeError, match="protected compute context"):
-            d.unallocated_setup(compute(r), mutate)
-        assert snapshot(d, 0) == before
-
-
-@pytest.mark.parametrize("command", ["ACT", "ACT_MOV"])
-def test_mandatory_successor_slot_excludes_other_bank_command_and_failed_issue(command):
-    d, r = fixture()
-    assert d.add(compute(r), 1, 0)
-    setup(d, 1, 0)
-    issue(d, 1, 1)
-    d.advance(2)
-    before = snapshot(d, 2, 1)
-    assert not d.probe(command, command, addr(bank=1))["issue"]
-    with pytest.raises(RuntimeError, match="C/A reserved"):
-        d.raw(command, addr(bank=1), True)
-    assert snapshot(d, 2, 1) == before
-    d.advance(3)
-    assert d.probe(command, command, addr(bank=1))["issue"]
-
-
-@pytest.mark.parametrize("name", ["LC-MOV", "GB-MOV"])
-@pytest.mark.parametrize("scheduler", ["FRFCFS", "FRFCFS-RowHit"])
-def test_scheduled_movement_competes_for_ca_without_compute_queue_tokens(name, scheduler):
-    d, r = fixture(scheduler)
-    assert d.add(compute(r), 1, 0)
-    setup(d, 1, 0)
-    issue(d, 1, 1)
-    d.movement(movement(r, name, bank=1), 2)
-    d.advance(2)
-    assert not d.issued()
-    d.advance(3)
-    assert [(e["command"], e["clk"]) for e in d.issued()] == [("ACT_MOV", 3)]
-    assert {e["source"] for q in d.targets(3)["queues"] for e in q["entries"]} == {1}
-    for clk in [41, 46]:
-        issue(d, 1, clk)
-    total = 130 if name == "LC-MOV" else 75
-    d.advance(3+total)
-    event = next(e for e in d.completions() if e["source"] == 2)
-    assert event["depart"] == 3+total
-
-
-def test_nonidentity_profile_supplies_chip_and_local_range():
-    r, config = synthetic()
-    d = _PuDConflictUnderTest(controller(config, mapper="PassThroughAddrMapper"))
-    assert d.add(compute(r, "NOT_COPY", (7, 8)), 1, 0)
-    setup(d, 1, 0)
-    assert [q["entries"][0]["segment"] for q in d.targets(0)["queues"]] == [[0, 7, 7], [1, 0, 0]]
-    for clk in [1, 41, 84, 89]:
-        issue(d, 1, clk)
-    d.advance(105)
-    assert d.held() == 0
-
-
-def test_full_multi_chip_queue_prevents_pre_close_and_reserves_successor_credit():
-    d, r = fixture()
-    d.raw("ACT", addr(bank=3, bg=3), True)
-    for i in range(9):
-        assert d.add(compute(r, "RowCopy" if i == 0 else "NOT", (15, 16),
-                             bank=i % 4, bg=i // 4), i, i)
-    for i in range(8):
-        setup(d, i, 1+i)
-    blocked(d, 8, 39, preparation=True, pre_command="PREpb", addr=addr(bank=3, bg=3))
-    issue(d, 0, 39)
-    for chip in (0, 1):
-        q = entries(d, 39, chip=chip)
-        assert len(q) == 8 and q[-1]["source"] == 0 and q[-1]["reserved"]
-    blocked(d, 8, 40, preparation=True)
-    blocked(d, 8, 41, preparation=True)
-    issue(d, 1, 41)
-    setup(d, 8, 42, pre_command="PREpb", addr=addr(bank=3, bg=3))
-    assert all(len(entries(d, 42, chip=chip)) == 8 for chip in (0, 1))
-
-
-def test_repeated_setup_and_same_cycle_ordinary_issue_cannot_mutate_queue():
-    d, r = fixture()
-    assert d.add(compute(r), 1, 0)
-    d.raw("ACT", addr(bank=1), True)
-    blocked(d, 1, 0, preparation=True)
-    setup(d, 1, 1)
-    blocked(d, 1, 2, preparation=True)  # Exact invocation/occurrence already queued.
-    issue(d, 1, 2)
-
-
-def test_range_pre_pair_during_maintenance_drain():
-    d, r = fixture()
-    for i in (0, 1):
-        assert d.add(compute(r, "NOT", (i, i)), i, i)
-    setup(d, 0, 0)
-    issue(d, 0, 1)
-    issue(d, 0, 41)
-    d.priority("REFab", scope())
-    setup(d, 1, 84, close_source=0)
-    for clk in (85, 125, 168):
-        issue(d, 1, clk)
-    d.advance(184)
-    assert d.held() == 0 and [e["command"] for e in d.issued()] == ["REFab"]
-
-
-@pytest.mark.parametrize("scheduler", ["FRFCFS", "FRFCFS-RowHit"])
-def test_scheduled_ordinary_command_waits_for_successor_ca_cycle(scheduler):
-    d, r = fixture(scheduler)
-    assert d.add(compute(r), 1, 0)
-    setup(d, 1, 0)
-    issue(d, 1, 1)
-    d.send(0, addr(bank=1), 2)
-    d.advance(2)
-    assert not d.issued()
-    d.advance(3)
-    assert [(e["command"], e["clk"]) for e in d.issued()] == [("ACT", 3)]
-
-
-def test_useful_rank_pre_preserves_distinct_rank_recovery():
-    d, r = fixture(ranks=4)
-    d.raw("ACT", addr(rank=1), True)
-    assert d.add(compute(r, "NOT"), 1, 0)
-    setup(d, 1, 39, pre_command="PREab", addr=scope(rank=1))
-    issue(d, 1, 40)
-    d.advance(54)
-    assert not d.probe("ACT", "ACT", addr(rank=1))["issue"]
-    d.advance(55)
-    assert d.probe("ACT", "ACT", addr(rank=1))["issue"]
diff --git a/tests/device_timings/test_pud_compute_ranges.py b/tests/device_timings/test_pud_compute_ranges.py
index 5c41759..fcb7553 100644
--- a/tests/device_timings/test_pud_compute_ranges.py
+++ b/tests/device_timings/test_pud_compute_ranges.py
@@ -1,4 +1,4 @@
-"""W3 range-local Device components; no allocation/transport/public v2 path."""
+"""W3 range-local Device components; explicit contexts, no public v2 path."""
 
 from decimal import Decimal, ROUND_CEILING
 
@@ -110,7 +110,7 @@ def test_one_range_recovery_does_not_delay_new_disjoint_start():
 
 
 @pytest.mark.parametrize("issue_command", [False, True])
-@pytest.mark.parametrize("bad", ["wrong_range", "null", "foreign", "command", "stale_descriptor"])
+@pytest.mark.parametrize("bad", ["wrong_range", "null", "foreign", "command", "stale_occurrence"])
 def test_rejected_dispatch_is_atomic(issue_command, bad):
     d, r = _ComputeRangesUnderTest(dram_config()), resolver()
     a = add(d, r, "NOT_COPY", (0, 0))
@@ -123,7 +123,7 @@ def test_rejected_dispatch_is_atomic(issue_command, bad):
     elif bad == "command": kwargs["command"] = "PREpb"
     else:
         issue(d, a, 0)
-        kwargs["descriptor"] = saved
+        kwargs["saved_occurrence"] = saved
     before = d.state(a), d.state(b), d.shared()
     with pytest.raises(RuntimeError):
         d.dispatch(a, 100, issue=issue_command, **kwargs)
@@ -215,7 +215,7 @@ def test_fine_grained_upper_envelope_does_not_add_cycles(ns, cycles):
 
 
 @pytest.mark.parametrize("index", range(4))
-@pytest.mark.parametrize("bad", ["wrong_range", "null", "wrong_operand", "wrong_index", "terminal", "unassociated"])
+@pytest.mark.parametrize("bad", ["wrong_range", "null", "wrong_operand", "wrong_role", "wrong_index", "terminal", "unassociated"])
 def test_each_act_n_and_pre_keeps_exact_occurrence_association(index, bad):
     d, r = _ComputeRangesUnderTest(dram_config()), resolver()
     a = add(d, r, "NOT_COPY", (15, 16), 40)
@@ -223,10 +223,10 @@ def test_each_act_n_and_pre_keeps_exact_occurrence_association(index, bad):
     b = add(d, r, "NOT_COPY", (15, 16), 40)
     for clk in TIMELINES["NOT_COPY"][:index]: issue(d, a, clk)
     saved = d.save(a)
-    kwargs = dict(descriptor=saved)
+    kwargs = dict(saved_occurrence=saved)
     if bad == "wrong_range": kwargs["context_id"] = b
     elif bad == "null": kwargs["context_id"] = -2
-    else: d.corrupt_descriptor(saved, bad)
+    else: d.corrupt_occurrence(saved, bad)
     before = d.state(a), d.state(b), d.shared()
     for mutate in (False, True):
         with pytest.raises(RuntimeError):
@@ -234,21 +234,21 @@ def test_each_act_n_and_pre_keeps_exact_occurrence_association(index, bad):
         assert (d.state(a), d.state(b), d.shared()) == before
 
 
-def test_stale_sensed_descriptor_cannot_repeat_n():
+def test_stale_sensed_occurrence_cannot_repeat_n():
     d, r = _ComputeRangesUnderTest(dram_config()), resolver()
     a = add(d, r, "NOT_COPY")
     issue(d, a, 0)
     saved = d.save(a)  # Sensed, N is next.
-    issue(d, a, 40)   # Still sensed; descriptor must match the current Request.
+    issue(d, a, 40)   # Still sensed; occurrence must match the current Request.
     before = d.state(a), d.shared()
     with pytest.raises(RuntimeError, match="Wrong or stale compute occurrence"):
-        d.dispatch(a, 100, descriptor=saved, issue=True)
+        d.dispatch(a, 100, saved_occurrence=saved, issue=True)
     assert (d.state(a), d.shared()) == before
 
 
 def test_dispatch_preserves_explicit_shared_channel_edges():
     # A synthetic constraint verifies both full-hierarchy readiness and the
-    # Channel-only update seam independently of the fixture's one-tick issue.
+    # Channel-only update seam independently of the shared command occupancy.
     from ramulator.dram import DDR4_PuD_Movement as Standard
     config = dram_config()
     commands = {c: Standard.commands.index(c) for c in Standard.commands}
@@ -285,14 +285,24 @@ def test_outgoing_scope_inventory_matches_inherited_definitions():
     assert actual == expected
 
 
-def test_context_does_not_close_conventional_rows():
+def test_context_requires_drained_conventional_rows():
     d, r = _ComputeRangesUnderTest(dram_config()), resolver()
-    a = add(d, r, "NOT")
     addr = [0, 0, 0, 0, 77, 0]
     assert d.raw("ACT", addr, 0, issue=True)
-    before = d.state(a), d.shared()
+    before = d.shared()
     with pytest.raises(RuntimeError, match="drained conventional Bank"):
-        d.dispatch(a, 100, issue=True)
-    assert (d.state(a), d.shared()) == before
+        add(d, r, "NOT")
+    assert d.shared() == before
     assert d.raw("PREpb", addr, 39, issue=True)
+    a = add(d, r, "NOT")
     issue(d, a, 55)
+
+
+def test_protected_context_rejects_conventional_row_activation():
+    d, r = _ComputeRangesUnderTest(dram_config()), resolver()
+    a = add(d, r, "NOT")
+    before = d.state(a), d.shared()
+    with pytest.raises(RuntimeError, match="protected compute context"):
+        d.raw("ACT", [0, 0, 0, 0, 77, 0], 0, issue=True)
+    assert (d.state(a), d.shared()) == before
+    issue(d, a, 0)
diff --git a/tests/utils/pud_request_harness.h b/tests/utils/pud_request_harness.h
index fd21604..f28fe3e 100644
--- a/tests/utils/pud_request_harness.h
+++ b/tests/utils/pud_request_harness.h
@@ -201,7 +201,7 @@ class LocatedSystemUnderTest {
 };
 
 // W3 component-only execution: fixtures provide separate ranges directly. No
-// production scheduler, target transport, engine or completion is installed.
+// production scheduler, engine allocation or completion is installed.
 class ComputeRangesUnderTest {
  public:
   explicit ComputeRangesUnderTest(nb::dict dram) {
@@ -210,7 +210,9 @@ class ComputeRangesUnderTest {
   }
   size_t add(Request req) {
     initialize_pud_sequence(req, *device.m_spec);
-    auto context = device.make_pud_compute_context(req);
+    std::shared_ptr<PuDComputeContext> context = device.make_pud_compute_context(req);
+    device.protect_pud_compute(context);
+    req.pud_compute_context = context;
     records.push_back({std::move(req), std::move(context)});
     return records.size() - 1;
   }
@@ -219,30 +221,31 @@ class ComputeRangesUnderTest {
     saved.push_back(describe_pud_occurrence(req, req.occurrence_index, *device.m_spec));
     return saved.size() - 1;
   }
-  void corrupt_descriptor(size_t id, const std::string& field) {
+  void corrupt_occurrence(size_t id, const std::string& field) {
     auto& occurrence = saved.at(id);
     if (field == "wrong_operand") occurrence.operand_index ^= 1;
+    else if (field == "wrong_role") occurrence.role = occurrence.role == PuDOccurrenceRole::Source
+        ? PuDOccurrenceRole::Destination : PuDOccurrenceRole::Source;
     else if (field == "wrong_index") ++occurrence.index;
     else if (field == "terminal") occurrence.terminal = !occurrence.terminal;
     else if (field == "unassociated") occurrence.locations.reset();
-    else throw std::invalid_argument("unknown descriptor corruption");
+    else throw std::invalid_argument("unknown occurrence corruption");
   }
-  bool dispatch(size_t id, Clk_t clk, bool issue, int context_id, int descriptor,
+  bool dispatch(size_t id, Clk_t clk, bool issue, int context_id, int saved_occurrence,
                 const std::string& command, bool foreign_device) {
     auto& record = records.at(id);
     auto& req = record.req;
-    auto occurrence = descriptor < 0 ? describe_pud_occurrence(req, req.occurrence_index, *device.m_spec)
-                                     : saved.at(descriptor);
+    auto occurrence = saved_occurrence < 0 ? describe_pud_occurrence(req, req.occurrence_index, *device.m_spec)
+                                     : saved.at(saved_occurrence);
     if (!command.empty()) occurrence.command = device.m_spec->get_command_id(command);
     auto* context = context_id == -2 ? nullptr : records.at(context_id < 0 ? id : context_id).context.get();
     // A second Device rejects a context minted by the first before any access.
     DRAMDevice other;
     auto& target = foreign_device ? other : device;
-    const bool ready = target.check_pud_local_timing(req, occurrence, context, clk) && clk > last_shared_issue;
+    const bool ready = target.check_pud_timing(req, occurrence, context, clk);
     if (!issue) return ready;
-    if (!ready) throw std::logic_error("Compute range timing not ready (fixture C/A issue slot)");
-    target.issue_pud_local_command(req, occurrence, context, clk);
-    last_shared_issue = clk;
+    if (!ready) throw std::logic_error("Compute range timing not ready");
+    target.issue_pud_command(req, occurrence, context, clk);
     // Exercise Request relocation after every action, retaining one cursor.
     Request copied = req;
     req = std::move(copied);
@@ -278,6 +281,8 @@ class ComputeRangesUnderTest {
       device.m_root->for_each_at_level(level, [&](DRAMNode* node) {
         nb::dict item;
         item["level"] = level;
+        if (level == 0) item["command_occupancy"] =
+            std::vector<Clk_t>{device.m_compute_ca_ready, device.m_command_ca_ready};
         item["id"] = node->m_node_id;
         item["state"] = node->m_state;
         item["rows"] = std::map<int, int>(node->m_row_state.begin(), node->m_row_state.end());
@@ -292,12 +297,10 @@ class ComputeRangesUnderTest {
   }
   bool raw(const std::string& command, const AddrVec_t& addr, Clk_t clk, bool issue) {
     int cmd = device.m_spec->get_command_id(command);
-    bool ready = device.get_preq_command(cmd, addr, clk) == cmd && device.check_timing(cmd, addr, clk) &&
-                 clk > last_shared_issue;
+    bool ready = device.get_preq_command(cmd, addr, clk) == cmd && device.check_timing(cmd, addr, clk);
     if (issue) {
       if (!ready) throw std::logic_error("raw fixture command not ready");
       device.issue_command(cmd, addr, clk);
-      last_shared_issue = clk;
     }
     return ready;
   }
@@ -308,17 +311,14 @@ class ComputeRangesUnderTest {
 
  private:
   DRAMDevice device;
-  // Mirror the existing controller's one-command-per-tick arbitration only.
-  // DDR4 intentionally generates no Device C/A edge for a one-tick command.
-  Clk_t last_shared_issue = -1;
-  struct Record { Request req; std::unique_ptr<PuDComputeContext> context; };
+  struct Record { Request req; std::shared_ptr<PuDComputeContext> context; };
   std::vector<Record> records;
   std::vector<PuDOccurrence> saved;
 };
 
 // W4 drives the same ControllerBase buffers/retirement/completion inherited by
-// GenericDDR. Scheduling and allocation are explicit fixture actions: no W5
-// exclusion, W6 transport or W7 allocator/arbitration is supplied by this test.
+// GenericDDR. Scheduling and engine selection are explicit fixture actions;
+// no production allocator/arbitration is supplied by this test.
 class ComputeLifecycleUnderTest : public ControllerBase {
  public:
   explicit ComputeLifecycleUnderTest(nb::dict config)
@@ -374,8 +374,13 @@ class ComputeLifecycleUnderTest : public ControllerBase {
     if (clk <= last_issue && !(coincident_terminal && occurrence.terminal && clk == last_issue)) {
       throw std::logic_error("fixture C/A slot occupied");
     }
+    if (coincident_terminal && occurrence.terminal && clk == last_issue) {
+      // Synthetic equal-deadline fixture only: bypass the occupied issue cycle,
+      // while keeping the same Device occurrence, phase and timing checks.
+      m_device.m_compute_ca_ready = clk;
+    }
     it->command = occurrence.command;
-    m_device.issue_pud_local_command(*it, occurrence, &context, m_clk);
+    m_device.issue_pud_command(*it, occurrence, &context, m_clk);
     last_issue = clk;
     if (occurrence.terminal) {
       // Diagnostic fixture only: distinguish issue time from retirement time.
@@ -496,7 +501,7 @@ class ComputeLifecycleUnderTest : public ControllerBase {
 
 // W5 uses the real GenericDDR scheduler for legacy/ordinary/maintenance traffic.
 // Compute reservations/occurrences remain explicit fixture actions, outside
-// public ingress and arbitration; no target transport or allocation policy.
+// public ingress and allocation/arbitration policy.
 namespace Ramulator {
 class PuDConflictUnderTest {
  public:
@@ -521,26 +526,13 @@ class PuDConflictUnderTest {
   }
   void dispatch(int source, Clk_t clk) {
     advance(clk);
-    if (last_issue == clk) throw std::logic_error("fixture shared issue slot occupied");
-    auto& req = compute.at(source);
-    if (!ctrl->is_pud_eligible_before_prerequisite(req)) throw std::logic_error("fixture compute blocked");
-    const auto occ = describe_pud_occurrence(req, req.occurrence_index, *ctrl->m_device.m_spec);
-    req.command = occ.command;
-    ctrl->m_device.issue_pud_local_command(req, occ, &ctrl->protected_pud_context(req), clk);
-    last_issue = clk;
-    if (occ.terminal) {
-      ReqBuffer retiring;
-      retiring.enqueue(req);
-      auto it = retiring.begin();
-      ctrl->retire_request(it, retiring);
-    }
+    compute_dispatch(source, true);
   }
   void advance(Clk_t clk) {
     if (clk < ctrl->m_clk) throw std::logic_error("fixture clock cannot go backwards");
     while (ctrl->m_clk < clk) {
       for (auto event : dut.tick()) {
         history.append(event);
-        last_issue = ctrl->m_clk;
       }
     }
   }
@@ -620,84 +612,62 @@ class PuDConflictUnderTest {
   nb::dict stats() { ctrl->update_stats(); return nb::cast<nb::dict>(confignode_to_py(ctrl->IController::collect_stats())); }
   void capacity(size_t active) { ctrl->m_active_buffer.max_size = active; }
 
-  // W6 uses the production mechanics with explicit W4 fixture reservations.
-  // No test-side bus gate, transport clock, queue mutation or allocation policy.
-  bool transport_dispatch(int source, bool issue) {
+  // Exercise the production issue path with explicit fixture reservations.
+  bool compute_dispatch(int source, bool issue) {
     auto& req = compute.at(source);
-    if (!issue) return ctrl->check_pud_compute_issue(req);
+    const bool ready = ctrl->check_pud_compute_issue(req);
+    if (!issue) return ready;
+    if (!ready) throw std::logic_error("Compute issue timing or eligibility not ready");
     const auto occurrence = describe_pud_occurrence(req, req.occurrence_index, *ctrl->m_device.m_spec);
     ctrl->issue_pud_compute(req);
-    last_issue = ctrl->m_clk;
-    if (occurrence.terminal) retire_transport(req);
+    // Relocate the sole schedulable Request, retaining its resolved association.
+    Request copied = req;
+    req = std::move(copied);
+    if (occurrence.terminal) retire_compute(req);
     return true;
   }
-  bool target_setup(int source, bool issue, int close_source,
-                    const std::string& pre_command, const AddrVec_t& addr) {
-    std::optional<Request> conventional;
-    Request* pre = nullptr;
-    if (close_source >= 0) pre = &compute.at(close_source);
-    else if (!pre_command.empty()) {
-      int command = ctrl->m_device.m_spec->get_command_id(pre_command);
-      conventional.emplace(addr, Request::Cmd, command);
-      conventional->command = command;
-      pre = &*conventional;
+  nb::dict compute_state(int source) const {
+    const auto& req = compute.at(source);
+    auto out = located_snapshot(req, false);
+    const auto context = req.pud_compute_context.lock();
+    out["phase"] = context ? static_cast<int>(context->phase()) : -1;
+    nb::list occurrences;
+    // Observation derived from the sole Request history, not retained target state.
+    for (size_t i = 0; i < get_pud_sequence_length(req); ++i) {
+      const auto occurrence = describe_pud_occurrence(req, i, *ctrl->m_device.m_spec);
+      const auto& origin = occurrence.location()->location.origin;
+      nb::dict item;
+      item["index"] = i;
+      item["command"] = ctrl->m_device.m_spec->command_names[occurrence.command];
+      item["operand"] = occurrence.operand_index;
+      item["external"] = occurrence.location()->external;
+      item["origin"] = std::vector<int>{origin.channel, origin.rank, origin.bank_group,
+                                       origin.bank, origin.subarray, origin.local_row};
+      item["range"] = std::vector<int>{origin.mats.first, origin.mats.last};
+      item["associated"] = context && occurrence.locations == context->locations();
+      item["issued"] = req.occurrence_issue_history.at(i);
+      std::vector<std::vector<int>> segments;
+      for (const auto& segment : req.pud_locations->resolver->segment_range(origin.mats)) {
+        segments.push_back({segment.chip, segment.first_local_mat, segment.last_local_mat});
+      }
+      item["segments"] = segments;
+      occurrences.append(item);
     }
-    auto& req = compute.at(source);
-    if (!issue) return ctrl->check_pud_target_preparation(req, pre);
-    ctrl->prepare_pud_target(req, pre);
-    last_issue = ctrl->m_clk;
-    if (close_source >= 0) retire_transport(*pre);
-    return true;
+    out["occurrences"] = occurrences;
+    return out;
   }
-  bool unallocated_setup(Request req, bool issue) {
+  bool unallocated_dispatch(Request req, bool issue) {
     initialize_pud_sequence(req, *ctrl->m_device.m_spec);
-    if (!issue) return ctrl->check_pud_target_preparation(req);
-    ctrl->prepare_pud_target(req);
+    if (!issue) return ctrl->check_pud_compute_issue(req);
+    ctrl->issue_pud_compute(req);
     return true;
   }
-  nb::dict transport_state(int source) const {
-    auto out = located_snapshot(compute.at(source), false);
-    const auto context = compute.at(source).pud_compute_context.lock();
-    out["phase"] = context ? static_cast<int>(context->phase()) : -1;
-    return out;
-  }
-  nb::dict targets(Clk_t clk) const {
-    nb::dict out;
-    nb::list queues;
-    const auto& device = ctrl->m_device;
-    for (const auto& [chip, queue] : device.m_pud_targets.m_queues) {
-      nb::dict q;
-      q["chip"] = std::vector<int>{std::get<0>(chip), std::get<1>(chip), std::get<2>(chip)};
-      nb::list entries;
-      for (const auto& entry : queue) {
-        const auto& d = *entry.descriptor;
-        nb::dict e;
-        int source = -1;
-        for (const auto& [id, req] : compute) {
-          if (req.pud_compute_context.lock() == d.context.lock()) source = id;
-        }
-        e["source"] = source;
-        e["index"] = d.occurrence.index;
-        e["operand"] = d.occurrence.operand_index;
-        e["external"] = d.occurrence.location()->external;
-        e["segment"] = std::vector<int>{entry.segment.chip, entry.segment.first_local_mat, entry.segment.last_local_mat};
-        e["transmit"] = d.ready_at - 1;
-        e["ready_at"] = d.ready_at;
-        e["reserved"] = clk < d.ready_at - 1;
-        e["ready"] = clk >= d.ready_at;
-        entries.append(e);
-      }
-      q["entries"] = entries;
-      queues.append(q);
-    }
-    out["queues"] = queues;
-    out["ca_ready"] = device.m_pud_ca_ready;
-    out["command_ca_ready"] = device.m_command_ca_ready;
-    return out;
+  std::vector<Clk_t> command_occupancy() const {
+    return {ctrl->m_device.m_compute_ca_ready, ctrl->m_device.m_command_ca_ready};
   }
 
  private:
-  void retire_transport(Request& req) {
+  void retire_compute(Request& req) {
     ReqBuffer retiring;
     retiring.enqueue(req);
     auto it = retiring.begin();
@@ -717,7 +687,6 @@ class PuDConflictUnderTest {
   std::map<int, Request> compute;
   nb::list history;
   nb::list completed;
-  Clk_t last_issue = -1;
 };
 
 }  // namespace Ramulator
@@ -741,12 +710,10 @@ inline void bind_pud_request_harness(nb::module_& m) {
       .def("held", &PuDConflictUnderTest::held)
       .def("stats", &PuDConflictUnderTest::stats)
       .def("capacity", &PuDConflictUnderTest::capacity)
-      .def("transport_dispatch", &PuDConflictUnderTest::transport_dispatch, nb::arg("source"), nb::arg("issue") = false)
-      .def("target_setup", &PuDConflictUnderTest::target_setup, nb::arg("source"), nb::arg("issue") = false,
-           nb::arg("close_source") = -1, nb::arg("pre_command") = "", nb::arg("addr") = AddrVec_t{})
-      .def("unallocated_setup", &PuDConflictUnderTest::unallocated_setup)
-      .def("transport_state", &PuDConflictUnderTest::transport_state)
-      .def("targets", &PuDConflictUnderTest::targets);
+      .def("compute_dispatch", &PuDConflictUnderTest::compute_dispatch, nb::arg("source"), nb::arg("issue") = false)
+      .def("unallocated_dispatch", &PuDConflictUnderTest::unallocated_dispatch)
+      .def("compute_state", &PuDConflictUnderTest::compute_state)
+      .def("command_occupancy", &PuDConflictUnderTest::command_occupancy);
   nb::class_<ComputeLifecycleUnderTest>(m, "_ComputeLifecycleUnderTest")
       .def(nb::init<nb::dict>())
       .def("add", &ComputeLifecycleUnderTest::add, nb::arg("req"), nb::arg("source"),
@@ -771,9 +738,9 @@ inline void bind_pud_request_harness(nb::module_& m) {
       .def(nb::init<nb::dict>())
       .def("add", &ComputeRangesUnderTest::add)
       .def("save", &ComputeRangesUnderTest::save)
-      .def("corrupt_descriptor", &ComputeRangesUnderTest::corrupt_descriptor)
+      .def("corrupt_occurrence", &ComputeRangesUnderTest::corrupt_occurrence)
       .def("dispatch", &ComputeRangesUnderTest::dispatch, nb::arg("id"), nb::arg("clk"),
-           nb::arg("issue") = false, nb::arg("context_id") = -1, nb::arg("descriptor") = -1,
+           nb::arg("issue") = false, nb::arg("context_id") = -1, nb::arg("saved_occurrence") = -1,
            nb::arg("command") = "", nb::arg("foreign_device") = false)
       .def("state", &ComputeRangesUnderTest::state, nb::arg("id"))
       .def("shared", &ComputeRangesUnderTest::shared)
